DELETE FROM [dbo].[Cms_MenuItem]
GO
DELETE FROM [dbo].[Core_Entity]
GO
DELETE FROM [dbo].[ShoppingCart_CartItem]
GO
DELETE FROM [dbo].[Checkouts_CheckoutItem]
GO
DELETE FROM [dbo].[Checkouts_Checkout]
GO
DELETE FROM [dbo].[WishList_WishListItem]
GO
DELETE FROM [dbo].[WishList_WishList]
GO
DELETE FROM [dbo].[Payments_Payment]
GO
DELETE FROM [dbo].[Shipments_ShipmentItem]
GO
DELETE FROM [dbo].[Shipments_Shipment]
GO
DELETE FROM [dbo].[Pricing_CartRuleUsage]
GO
DELETE FROM [dbo].[Pricing_CartRule]
GO
DELETE FROM [dbo].[Orders_OrderHistory]
GO
DELETE FROM [dbo].[Orders_OrderItem]
GO
DELETE FROM [dbo].[Orders_Order]
GO
DELETE FROM [dbo].[Inventory_StockHistory]
GO
DELETE FROM [dbo].[Inventory_Stock]
GO
DELETE FROM [dbo].[ProductComparison_ComparingProduct]
GO
DELETE FROM [dbo].[Catalog_ProductAttributeValue]
GO
DELETE FROM [dbo].[Catalog_ProductOptionCombination]
GO
DELETE FROM [dbo].[Catalog_ProductOptionValue]
GO
DELETE FROM [dbo].[Catalog_ProductAttribute]
GO
DELETE FROM [dbo].[Catalog_ProductAttributeGroup]
GO
DELETE FROM [dbo].[Catalog_ProductMedia]
GO
DELETE FROM [dbo].[Catalog_ProductCategory]
GO
DELETE FROM [dbo].[Catalog_ProductLink]
GO
DELETE FROM [dbo].[Catalog_ProductPriceHistory]
GO
DELETE FROM [dbo].[Catalog_Product]
GO
DELETE FROM [dbo].[Catalog_Category]
GO
DELETE FROM [dbo].[News_NewsItem]
GO
DELETE FROM [dbo].[Core_Media]
GO
DELETE FROM [dbo].[Catalog_Brand]
GO
DELETE FROM [dbo].[Catalog_ProductTemplateProductAttribute]
GO
DELETE FROM [dbo].[Catalog_ProductTemplate]
GO
DELETE FROM [dbo].[Cms_Page]
GO
DELETE FROM [dbo].[Core_WidgetInstance]
GO
DELETE FROM [dbo].[Reviews_Reply]
GO
DELETE FROM [dbo].[Reviews_Review]
GO

SET IDENTITY_INSERT [dbo].[Core_Entity] ON 
INSERT [dbo].[Core_Entity] ([Id], [Slug], [Name], [EntityId], [EntityTypeId]) VALUES (1, N'woman', N'Woman', 1, N'Category')
INSERT [dbo].[Core_Entity] ([Id], [Slug], [Name], [EntityId], [EntityTypeId]) VALUES (2, N'man', N'Man', 2, N'Category')
INSERT [dbo].[Core_Entity] ([Id], [Slug], [Name], [EntityId], [EntityTypeId]) VALUES (3, N'shoes', N'Shoes', 3, N'Category')
INSERT [dbo].[Core_Entity] ([Id], [Slug], [Name], [EntityId], [EntityTypeId]) VALUES (4, N'watches', N'Watches', 4, N'Category')
INSERT [dbo].[Core_Entity] ([Id], [Slug], [Name], [EntityId], [EntityTypeId]) VALUES (5, N't-shirt', N'T-Shirt', 5, N'Category')
INSERT [dbo].[Core_Entity] ([Id], [Slug], [Name], [EntityId], [EntityTypeId]) VALUES (6, N'suit', N'Suit', 6, N'Category')
INSERT [dbo].[Core_Entity] ([Id], [Slug], [Name], [EntityId], [EntityTypeId]) VALUES (7, N'lightweight-jacket', N'Lightweight Jacket', 1, N'Product')
INSERT [dbo].[Core_Entity] ([Id], [Slug], [Name], [EntityId], [EntityTypeId]) VALUES (8, N'esprit-ruffle-shirt', N'Esprit Ruffle Shirt', 8, N'Product')
INSERT [dbo].[Core_Entity] ([Id], [Slug], [Name], [EntityId], [EntityTypeId]) VALUES (9, N'herschel-supply', N'Herschel supply', 9, N'Product')
INSERT [dbo].[Core_Entity] ([Id], [Slug], [Name], [EntityId], [EntityTypeId]) VALUES (10, N'only-check-trouser', N'Only Check Trouser', 10, N'Product')
INSERT [dbo].[Core_Entity] ([Id], [Slug], [Name], [EntityId], [EntityTypeId]) VALUES (11, N'classic-trench-coat', N'Classic Trench Coat', 11, N'Product')
INSERT [dbo].[Core_Entity] ([Id], [Slug], [Name], [EntityId], [EntityTypeId]) VALUES (12, N'front-pocket-jumper', N'Front Pocket Jumper', 12, N'Product')
INSERT [dbo].[Core_Entity] ([Id], [Slug], [Name], [EntityId], [EntityTypeId]) VALUES (13, N'vintage-inspired-classic', N'Vintage Inspired Classic', 13, N'Product')
INSERT [dbo].[Core_Entity] ([Id], [Slug], [Name], [EntityId], [EntityTypeId]) VALUES (14, N'shirt-in-stretch-cotton', N'Shirt in Stretch Cotton', 14, N'Product')
INSERT [dbo].[Core_Entity] ([Id], [Slug], [Name], [EntityId], [EntityTypeId]) VALUES (15, N'pieces-metallic-printed', N'Pieces Metallic Printed', 15, N'Product')
INSERT [dbo].[Core_Entity] ([Id], [Slug], [Name], [EntityId], [EntityTypeId]) VALUES (16, N'converse-all-star-hi-plimsolls', N'Converse All Star Hi Plimsolls', 16, N'Product')
INSERT [dbo].[Core_Entity] ([Id], [Slug], [Name], [EntityId], [EntityTypeId]) VALUES (17, N'femme-t-shirt-in-stripe', N'Femme T-Shirt In Stripe', 17, N'Product')
INSERT [dbo].[Core_Entity] ([Id], [Slug], [Name], [EntityId], [EntityTypeId]) VALUES (18, N'herschel-supply-2', N'Herschel supply', 18, N'Product')
INSERT [dbo].[Core_Entity] ([Id], [Slug], [Name], [EntityId], [EntityTypeId]) VALUES (19, N'herschel-supply-2-3', N'Herschel supply', 19, N'Product')
INSERT [dbo].[Core_Entity] ([Id], [Slug], [Name], [EntityId], [EntityTypeId]) VALUES (20, N't-shirt-with-sleeve', N'T-Shirt with Sleeve', 20, N'Product')
INSERT [dbo].[Core_Entity] ([Id], [Slug], [Name], [EntityId], [EntityTypeId]) VALUES (21, N'pretty-little-thing', N'Pretty Little Thing', 21, N'Product')
INSERT [dbo].[Core_Entity] ([Id], [Slug], [Name], [EntityId], [EntityTypeId]) VALUES (22, N'square-neck-back', N'Square Neck Back', 22, N'Product')
INSERT [dbo].[Core_Entity] ([Id], [Slug], [Name], [EntityId], [EntityTypeId]) VALUES (23, N'help-center', N'Help center', 1, N'Page')
INSERT [dbo].[Core_Entity] ([Id], [Slug], [Name], [EntityId], [EntityTypeId]) VALUES (24, N'about-us', N'About Us', 2, N'Page')
INSERT [dbo].[Core_Entity] ([Id], [Slug], [Name], [EntityId], [EntityTypeId]) VALUES (25, N'terms-of-use', N'Terms of Use', 3, N'Page')
INSERT [dbo].[Core_Entity] ([Id], [Slug], [Name], [EntityId], [EntityTypeId]) VALUES (26, N'adidas', N'Adidas', 1, N'Brand')
INSERT [dbo].[Core_Entity] ([Id], [Slug], [Name], [EntityId], [EntityTypeId]) VALUES (27, N'calvin-klein', N'Calvin Klein', 2, N'Brand')
INSERT [dbo].[Core_Entity] ([Id], [Slug], [Name], [EntityId], [EntityTypeId]) VALUES (28, N'ogival', N'Ogival', 3, N'Brand')
SET IDENTITY_INSERT [dbo].[Core_Entity] OFF 
GO
SET IDENTITY_INSERT [dbo].[Cms_MenuItem] ON 
INSERT [dbo].[Cms_MenuItem] ([Id], [ParentId], [MenuId], [EntityId], [CustomLink], [Name], [DisplayOrder]) VALUES (1, NULL, 2, 1, NULL, N'Woman', 0)
INSERT [dbo].[Cms_MenuItem] ([Id], [ParentId], [MenuId], [EntityId], [CustomLink], [Name], [DisplayOrder]) VALUES (2, NULL, 2, 2, NULL, N'Man', 1)
INSERT [dbo].[Cms_MenuItem] ([Id], [ParentId], [MenuId], [EntityId], [CustomLink], [Name], [DisplayOrder]) VALUES (3, NULL, 2, 3, NULL, N'Shoes', 2)
INSERT [dbo].[Cms_MenuItem] ([Id], [ParentId], [MenuId], [EntityId], [CustomLink], [Name], [DisplayOrder]) VALUES (4, NULL, 2, 4, NULL, N'Watches', 3)
INSERT [dbo].[Cms_MenuItem] ([Id], [ParentId], [MenuId], [EntityId], [CustomLink], [Name], [DisplayOrder]) VALUES (5, NULL, 1, 24, NULL, N'About Us', 0)
INSERT [dbo].[Cms_MenuItem] ([Id], [ParentId], [MenuId], [EntityId], [CustomLink], [Name], [DisplayOrder]) VALUES (6, NULL, 1, 23, NULL, N'Help center', 1)
INSERT [dbo].[Cms_MenuItem] ([Id], [ParentId], [MenuId], [EntityId], [CustomLink], [Name], [DisplayOrder]) VALUES (7, NULL, 1, 25, NULL, N'Terms of Use', 2)
SET IDENTITY_INSERT [dbo].[Cms_MenuItem] OFF 
GO
SET IDENTITY_INSERT [dbo].[Core_Media] ON 
INSERT [dbo].[Core_Media] ([Id], [Caption], [FileSize], [FileName], [MediaType]) VALUES (1, NULL, 0, N'b94d02b8-6d3a-4919-b144-c121387a272d.jpg', 0)
INSERT [dbo].[Core_Media] ([Id], [Caption], [FileSize], [FileName], [MediaType]) VALUES (2, NULL, 0, N'911207ad-5b45-423f-9575-2185c85261c0.jpg', 1)
INSERT [dbo].[Core_Media] ([Id], [Caption], [FileSize], [FileName], [MediaType]) VALUES (3, NULL, 0, N'37dc2d94-dbac-4112-afbc-2fc88ddca753.jpg', 1)
INSERT [dbo].[Core_Media] ([Id], [Caption], [FileSize], [FileName], [MediaType]) VALUES (4, NULL, 0, N'bf16c55d-747e-4238-b444-06c3fe0463b2.jpg', 1)
INSERT [dbo].[Core_Media] ([Id], [Caption], [FileSize], [FileName], [MediaType]) VALUES (5, NULL, 0, N'2db2ffbb-46d5-4f3c-8dc0-614e83162a1c.jpg', 0)
INSERT [dbo].[Core_Media] ([Id], [Caption], [FileSize], [FileName], [MediaType]) VALUES (6, NULL, 0, N'daa3af7c-452c-4c0f-9c61-aeccf001e825.jpg', 1)
INSERT [dbo].[Core_Media] ([Id], [Caption], [FileSize], [FileName], [MediaType]) VALUES (7, NULL, 0, N'c8756541-d192-48e2-b822-2bf616fb876e.jpg', 0)
INSERT [dbo].[Core_Media] ([Id], [Caption], [FileSize], [FileName], [MediaType]) VALUES (8, NULL, 0, N'0199b7af-4d14-4858-a902-62ca8c5e9b6d.jpg', 1)
INSERT [dbo].[Core_Media] ([Id], [Caption], [FileSize], [FileName], [MediaType]) VALUES (9, NULL, 0, N'1761ffd9-2c53-4a6b-856f-e2f4039d0247.jpg', 0)
INSERT [dbo].[Core_Media] ([Id], [Caption], [FileSize], [FileName], [MediaType]) VALUES (10, NULL, 0, N'1b896b5e-f6bf-41ca-89ee-025c6be9e08c.jpg', 1)
INSERT [dbo].[Core_Media] ([Id], [Caption], [FileSize], [FileName], [MediaType]) VALUES (11, NULL, 0, N'1aead9b6-73a8-45c1-a463-7655e9a9b478.jpg', 0)
INSERT [dbo].[Core_Media] ([Id], [Caption], [FileSize], [FileName], [MediaType]) VALUES (12, NULL, 0, N'c27ee7c7-deb3-4697-a6b6-3358d72b556f.jpg', 1)
INSERT [dbo].[Core_Media] ([Id], [Caption], [FileSize], [FileName], [MediaType]) VALUES (13, NULL, 0, N'532fc844-2c11-494e-a68b-af0be2b9a87f.jpg', 0)
INSERT [dbo].[Core_Media] ([Id], [Caption], [FileSize], [FileName], [MediaType]) VALUES (14, NULL, 0, N'4d24a1fd-a362-47e4-9060-011d415398b9.jpg', 1)
INSERT [dbo].[Core_Media] ([Id], [Caption], [FileSize], [FileName], [MediaType]) VALUES (15, NULL, 0, N'117ed074-628a-4db7-abbb-4a335adb3504.jpg', 0)
INSERT [dbo].[Core_Media] ([Id], [Caption], [FileSize], [FileName], [MediaType]) VALUES (16, NULL, 0, N'78f1840e-7a50-49de-9dad-9127ec290dfd.jpg', 1)
INSERT [dbo].[Core_Media] ([Id], [Caption], [FileSize], [FileName], [MediaType]) VALUES (17, NULL, 0, N'de4bdb93-ab9d-4515-b19b-bb55aa4703b3.jpg', 0)
INSERT [dbo].[Core_Media] ([Id], [Caption], [FileSize], [FileName], [MediaType]) VALUES (18, NULL, 0, N'dd14f5e8-2e76-4f60-9f58-19652dcb80c5.jpg', 1)
INSERT [dbo].[Core_Media] ([Id], [Caption], [FileSize], [FileName], [MediaType]) VALUES (19, NULL, 0, N'bf6461d5-0a9b-4a19-9516-5ca3b5b9da9e.jpg', 0)
INSERT [dbo].[Core_Media] ([Id], [Caption], [FileSize], [FileName], [MediaType]) VALUES (20, NULL, 0, N'461a2564-b657-46bb-bcb5-f7deaeb2a0a9.jpg', 1)
INSERT [dbo].[Core_Media] ([Id], [Caption], [FileSize], [FileName], [MediaType]) VALUES (21, NULL, 0, N'fb26a4f2-0a36-41dd-b0e8-a6c0554d31f8.jpg', 0)
INSERT [dbo].[Core_Media] ([Id], [Caption], [FileSize], [FileName], [MediaType]) VALUES (22, NULL, 0, N'74552a46-4309-43e1-ad4e-79cd9e778722.jpg', 1)
INSERT [dbo].[Core_Media] ([Id], [Caption], [FileSize], [FileName], [MediaType]) VALUES (23, NULL, 0, N'1a79b958-50bc-48d8-b3e5-826222949d28.jpg', 0)
INSERT [dbo].[Core_Media] ([Id], [Caption], [FileSize], [FileName], [MediaType]) VALUES (24, NULL, 0, N'e0a99874-20a8-43b8-9199-b109bb2c3ae5.jpg', 1)
INSERT [dbo].[Core_Media] ([Id], [Caption], [FileSize], [FileName], [MediaType]) VALUES (25, NULL, 0, N'1d9d5101-7e0b-4c29-88fe-e54891647672.jpg', 0)
INSERT [dbo].[Core_Media] ([Id], [Caption], [FileSize], [FileName], [MediaType]) VALUES (26, NULL, 0, N'5cf020c2-72b5-407d-836a-ef1a316b741c.jpg', 1)
INSERT [dbo].[Core_Media] ([Id], [Caption], [FileSize], [FileName], [MediaType]) VALUES (27, NULL, 0, N'df3590c2-a6a0-4813-96db-4a07e6c7f460.jpg', 0)
INSERT [dbo].[Core_Media] ([Id], [Caption], [FileSize], [FileName], [MediaType]) VALUES (28, NULL, 0, N'bc68637c-420f-4951-9130-b9fca36484e6.jpg', 1)
INSERT [dbo].[Core_Media] ([Id], [Caption], [FileSize], [FileName], [MediaType]) VALUES (29, NULL, 0, N'1201ba32-984a-48eb-b86a-23d4c8f76d5b.jpg', 0)
INSERT [dbo].[Core_Media] ([Id], [Caption], [FileSize], [FileName], [MediaType]) VALUES (30, NULL, 0, N'0089c72c-2fbe-48c3-a33f-718ae1eafd8b.jpg', 1)
INSERT [dbo].[Core_Media] ([Id], [Caption], [FileSize], [FileName], [MediaType]) VALUES (31, NULL, 0, N'2f856ed8-323e-4c26-99d1-cd4ec07f9979.jpg', 0)
INSERT [dbo].[Core_Media] ([Id], [Caption], [FileSize], [FileName], [MediaType]) VALUES (32, NULL, 0, N'fd623151-fc8a-464b-8c19-b1350d785bce.jpg', 1)
INSERT [dbo].[Core_Media] ([Id], [Caption], [FileSize], [FileName], [MediaType]) VALUES (33, NULL, 0, N'057afd18-8973-4078-9fd2-7eb0b52d8e72.jpg', 1)
INSERT [dbo].[Core_Media] ([Id], [Caption], [FileSize], [FileName], [MediaType]) VALUES (34, NULL, 0, N'ee4b30bf-fd13-47a7-b893-0e6e6b1aed05.jpg', 0)
SET IDENTITY_INSERT [dbo].[Core_Media] OFF 
GO
SET IDENTITY_INSERT [dbo].[Catalog_Category] ON 
INSERT [dbo].[Catalog_Category] ([Id], [Name], [Slug], [MetaTitle], [MetaKeywords], [MetaDescription], [Description], [DisplayOrder], [IsPublished], [IncludeInMenu], [IsDeleted], [ParentId], [ThumbnailImageId]) VALUES (1, N'Woman', N'woman', NULL, NULL, NULL, NULL, 0, 1, 1, 0, NULL, NULL)
INSERT [dbo].[Catalog_Category] ([Id], [Name], [Slug], [MetaTitle], [MetaKeywords], [MetaDescription], [Description], [DisplayOrder], [IsPublished], [IncludeInMenu], [IsDeleted], [ParentId], [ThumbnailImageId]) VALUES (2, N'Man', N'man', NULL, NULL, NULL, NULL, 0, 1, 1, 0, NULL, NULL)
INSERT [dbo].[Catalog_Category] ([Id], [Name], [Slug], [MetaTitle], [MetaKeywords], [MetaDescription], [Description], [DisplayOrder], [IsPublished], [IncludeInMenu], [IsDeleted], [ParentId], [ThumbnailImageId]) VALUES (3, N'Shoes', N'shoes', NULL, NULL, NULL, NULL, 0, 1, 1, 0, NULL, NULL)
INSERT [dbo].[Catalog_Category] ([Id], [Name], [Slug], [MetaTitle], [MetaKeywords], [MetaDescription], [Description], [DisplayOrder], [IsPublished], [IncludeInMenu], [IsDeleted], [ParentId], [ThumbnailImageId]) VALUES (4, N'Watches', N'watches', NULL, NULL, NULL, NULL, 0, 1, 1, 0, NULL, NULL)
INSERT [dbo].[Catalog_Category] ([Id], [Name], [Slug], [MetaTitle], [MetaKeywords], [MetaDescription], [Description], [DisplayOrder], [IsPublished], [IncludeInMenu], [IsDeleted], [ParentId], [ThumbnailImageId]) VALUES (5, N'T-Shirt', N't-shirt', NULL, NULL, NULL, NULL, 0, 1, 1, 0, 2, NULL)
INSERT [dbo].[Catalog_Category] ([Id], [Name], [Slug], [MetaTitle], [MetaKeywords], [MetaDescription], [Description], [DisplayOrder], [IsPublished], [IncludeInMenu], [IsDeleted], [ParentId], [ThumbnailImageId]) VALUES (6, N'Suit', N'suit', NULL, NULL, NULL, NULL, 0, 1, 1, 0, 2, NULL)
SET IDENTITY_INSERT [dbo].[Catalog_Category] OFF 
GO
SET IDENTITY_INSERT [dbo].[Catalog_Brand] ON 
INSERT [dbo].[Catalog_Brand] ([Id], [Name], [Slug], [Description], [IsPublished], [IsDeleted]) VALUES (1, N'Adidas', N'adidas', NULL, 1, 0)
INSERT [dbo].[Catalog_Brand] ([Id], [Name], [Slug], [Description], [IsPublished], [IsDeleted]) VALUES (2, N'Calvin Klein', N'calvin-klein', NULL, 1, 0)
INSERT [dbo].[Catalog_Brand] ([Id], [Name], [Slug], [Description], [IsPublished], [IsDeleted]) VALUES (3, N'Ogival', N'ogival', NULL, 1, 0)
SET IDENTITY_INSERT [dbo].[Catalog_Brand] OFF 
GO
SET IDENTITY_INSERT [dbo].[Catalog_Product] ON 
INSERT [dbo].[Catalog_Product] ([Id], [StockTrackingIsEnabled], [Name], [Slug], [MetaTitle], [MetaKeywords], [MetaDescription], [IsPublished], [PublishedOn], [IsDeleted], [CreatedById], [CreatedOn], [LatestUpdatedOn], [LatestUpdatedById], [ShortDescription], [Description], [Specification], [Price], [OldPrice], [SpecialPrice], [SpecialPriceStart], [SpecialPriceEnd], [HasOptions], [IsVisibleIndividually], [IsFeatured], [IsCallForPricing], [IsAllowToOrder], [StockQuantity], [Sku], [Gtin], [NormalizedName], [DisplayOrder], [VendorId], [ThumbnailImageId], [ReviewsCount], [RatingAverage], [BrandId], [TaxClassId]) VALUES (1, 1, N'Lightweight Jacket', N'lightweight-jacket', NULL, NULL, NULL, 1, NULL, 0, 10, CAST(N'2018-08-11T15:02:17.0131910+07:00' AS DateTimeOffset), CAST(N'2018-08-11T15:02:17.0133446+07:00' AS DateTimeOffset), 10, N'<p>Nulla eget sem vitae eros pharetra viverra. Nam vitae luctus ligula. Mauris consequat ornare feugiat.<br></p>', N'<p>Aenean sit amet gravida nisi. Nam fermentum est felis, quis feugiat nunc fringilla sit amet. Ut in blandit ipsum. Quisque luctus dui at ante aliquet, in hendrerit lectus interdum. Morbi elementum sapien rhoncus pretium maximus. Nulla lectus enim, cursus et elementum sed, sodales vitae eros. Ut ex quam, porta consequat interdum in, faucibus eu velit. Quisque rhoncus ex ac libero varius molestie. Aenean tempor sit amet orci nec iaculis. Cras sit amet nulla libero. Curabitur dignissim, nunc nec laoreet consequat, purus nunc porta lacus, vel efficitur tellus augue in ipsum. Cras in arcu sed metus rutrum iaculis. Nulla non tempor erat. Duis in egestas nunc.<br></p>', NULL, CAST(58.79 AS Decimal(18, 2)), CAST(69.00 AS Decimal(18, 2)), NULL, NULL, NULL, 1, 1, 0, 0, 1, 0, NULL, NULL, NULL, 0, NULL, 1, 0, NULL, 2, 1)
INSERT [dbo].[Catalog_Product] ([Id], [StockTrackingIsEnabled], [Name], [Slug], [MetaTitle], [MetaKeywords], [MetaDescription], [IsPublished], [PublishedOn], [IsDeleted], [CreatedById], [CreatedOn], [LatestUpdatedOn], [LatestUpdatedById], [ShortDescription], [Description], [Specification], [Price], [OldPrice], [SpecialPrice], [SpecialPriceStart], [SpecialPriceEnd], [HasOptions], [IsVisibleIndividually], [IsFeatured], [IsCallForPricing], [IsAllowToOrder], [StockQuantity], [Sku], [Gtin], [NormalizedName], [DisplayOrder], [VendorId], [ThumbnailImageId], [ReviewsCount], [RatingAverage], [BrandId], [TaxClassId]) VALUES (2, 1, N'Lightweight Jacket M Black', N'lightweight-jacket-m-black', NULL, NULL, NULL, 1, CAST(N'2018-08-11T15:02:17.0496868+07:00' AS DateTimeOffset), 0, 10, CAST(N'2018-08-11T15:02:17.0490714+07:00' AS DateTimeOffset), CAST(N'2018-08-11T15:02:17.0490747+07:00' AS DateTimeOffset), 10, N'<p>Nulla eget sem vitae eros pharetra viverra. Nam vitae luctus ligula. Mauris consequat ornare feugiat.<br></p>', N'<p>Aenean sit amet gravida nisi. Nam fermentum est felis, quis feugiat nunc fringilla sit amet. Ut in blandit ipsum. Quisque luctus dui at ante aliquet, in hendrerit lectus interdum. Morbi elementum sapien rhoncus pretium maximus. Nulla lectus enim, cursus et elementum sed, sodales vitae eros. Ut ex quam, porta consequat interdum in, faucibus eu velit. Quisque rhoncus ex ac libero varius molestie. Aenean tempor sit amet orci nec iaculis. Cras sit amet nulla libero. Curabitur dignissim, nunc nec laoreet consequat, purus nunc porta lacus, vel efficitur tellus augue in ipsum. Cras in arcu sed metus rutrum iaculis. Nulla non tempor erat. Duis in egestas nunc.<br></p>', NULL, CAST(58.79 AS Decimal(18, 2)), CAST(69.00 AS Decimal(18, 2)), NULL, NULL, NULL, 0, 0, 0, 0, 1, 100, NULL, NULL, N'M-Black', 0, NULL, 1, 0, NULL, NULL, 1)
INSERT [dbo].[Catalog_Product] ([Id], [StockTrackingIsEnabled], [Name], [Slug], [MetaTitle], [MetaKeywords], [MetaDescription], [IsPublished], [PublishedOn], [IsDeleted], [CreatedById], [CreatedOn], [LatestUpdatedOn], [LatestUpdatedById], [ShortDescription], [Description], [Specification], [Price], [OldPrice], [SpecialPrice], [SpecialPriceStart], [SpecialPriceEnd], [HasOptions], [IsVisibleIndividually], [IsFeatured], [IsCallForPricing], [IsAllowToOrder], [StockQuantity], [Sku], [Gtin], [NormalizedName], [DisplayOrder], [VendorId], [ThumbnailImageId], [ReviewsCount], [RatingAverage], [BrandId], [TaxClassId]) VALUES (3, 1, N'Lightweight Jacket M Gray', N'lightweight-jacket-m-gray', NULL, NULL, NULL, 1, CAST(N'2018-08-11T15:02:17.0554427+07:00' AS DateTimeOffset), 0, 10, CAST(N'2018-08-11T15:02:17.0554403+07:00' AS DateTimeOffset), CAST(N'2018-08-11T15:02:17.0554418+07:00' AS DateTimeOffset), 10, N'<p>Nulla eget sem vitae eros pharetra viverra. Nam vitae luctus ligula. Mauris consequat ornare feugiat.<br></p>', N'<p>Aenean sit amet gravida nisi. Nam fermentum est felis, quis feugiat nunc fringilla sit amet. Ut in blandit ipsum. Quisque luctus dui at ante aliquet, in hendrerit lectus interdum. Morbi elementum sapien rhoncus pretium maximus. Nulla lectus enim, cursus et elementum sed, sodales vitae eros. Ut ex quam, porta consequat interdum in, faucibus eu velit. Quisque rhoncus ex ac libero varius molestie. Aenean tempor sit amet orci nec iaculis. Cras sit amet nulla libero. Curabitur dignissim, nunc nec laoreet consequat, purus nunc porta lacus, vel efficitur tellus augue in ipsum. Cras in arcu sed metus rutrum iaculis. Nulla non tempor erat. Duis in egestas nunc.<br></p>', NULL, CAST(58.79 AS Decimal(18, 2)), CAST(69.00 AS Decimal(18, 2)), NULL, NULL, NULL, 0, 0, 0, 0, 1, 100, NULL, NULL, N'M-Gray', 0, NULL, 1, 0, NULL, NULL, 1)
INSERT [dbo].[Catalog_Product] ([Id], [StockTrackingIsEnabled], [Name], [Slug], [MetaTitle], [MetaKeywords], [MetaDescription], [IsPublished], [PublishedOn], [IsDeleted], [CreatedById], [CreatedOn], [LatestUpdatedOn], [LatestUpdatedById], [ShortDescription], [Description], [Specification], [Price], [OldPrice], [SpecialPrice], [SpecialPriceStart], [SpecialPriceEnd], [HasOptions], [IsVisibleIndividually], [IsFeatured], [IsCallForPricing], [IsAllowToOrder], [StockQuantity], [Sku], [Gtin], [NormalizedName], [DisplayOrder], [VendorId], [ThumbnailImageId], [ReviewsCount], [RatingAverage], [BrandId], [TaxClassId]) VALUES (4, 1, N'Lightweight Jacket L Black', N'lightweight-jacket-l-black', NULL, NULL, NULL, 1, CAST(N'2018-08-11T15:02:17.0554601+07:00' AS DateTimeOffset), 0, 10, CAST(N'2018-08-11T15:02:17.0554598+07:00' AS DateTimeOffset), CAST(N'2018-08-11T15:02:17.0554598+07:00' AS DateTimeOffset), 10, N'<p>Nulla eget sem vitae eros pharetra viverra. Nam vitae luctus ligula. Mauris consequat ornare feugiat.<br></p>', N'<p>Aenean sit amet gravida nisi. Nam fermentum est felis, quis feugiat nunc fringilla sit amet. Ut in blandit ipsum. Quisque luctus dui at ante aliquet, in hendrerit lectus interdum. Morbi elementum sapien rhoncus pretium maximus. Nulla lectus enim, cursus et elementum sed, sodales vitae eros. Ut ex quam, porta consequat interdum in, faucibus eu velit. Quisque rhoncus ex ac libero varius molestie. Aenean tempor sit amet orci nec iaculis. Cras sit amet nulla libero. Curabitur dignissim, nunc nec laoreet consequat, purus nunc porta lacus, vel efficitur tellus augue in ipsum. Cras in arcu sed metus rutrum iaculis. Nulla non tempor erat. Duis in egestas nunc.<br></p>', NULL, CAST(58.79 AS Decimal(18, 2)), CAST(69.00 AS Decimal(18, 2)), NULL, NULL, NULL, 0, 0, 0, 0, 1, 100, NULL, NULL, N'L-Black', 0, NULL, 1, 0, NULL, NULL, 1)
INSERT [dbo].[Catalog_Product] ([Id], [StockTrackingIsEnabled], [Name], [Slug], [MetaTitle], [MetaKeywords], [MetaDescription], [IsPublished], [PublishedOn], [IsDeleted], [CreatedById], [CreatedOn], [LatestUpdatedOn], [LatestUpdatedById], [ShortDescription], [Description], [Specification], [Price], [OldPrice], [SpecialPrice], [SpecialPriceStart], [SpecialPriceEnd], [HasOptions], [IsVisibleIndividually], [IsFeatured], [IsCallForPricing], [IsAllowToOrder], [StockQuantity], [Sku], [Gtin], [NormalizedName], [DisplayOrder], [VendorId], [ThumbnailImageId], [ReviewsCount], [RatingAverage], [BrandId], [TaxClassId]) VALUES (5, 1, N'Lightweight Jacket L Gray', N'lightweight-jacket-l-gray', NULL, NULL, NULL, 1, CAST(N'2018-08-11T15:02:17.0554688+07:00' AS DateTimeOffset), 0, 10, CAST(N'2018-08-11T15:02:17.0554685+07:00' AS DateTimeOffset), CAST(N'2018-08-11T15:02:17.0554686+07:00' AS DateTimeOffset), 10, N'<p>Nulla eget sem vitae eros pharetra viverra. Nam vitae luctus ligula. Mauris consequat ornare feugiat.<br></p>', N'<p>Aenean sit amet gravida nisi. Nam fermentum est felis, quis feugiat nunc fringilla sit amet. Ut in blandit ipsum. Quisque luctus dui at ante aliquet, in hendrerit lectus interdum. Morbi elementum sapien rhoncus pretium maximus. Nulla lectus enim, cursus et elementum sed, sodales vitae eros. Ut ex quam, porta consequat interdum in, faucibus eu velit. Quisque rhoncus ex ac libero varius molestie. Aenean tempor sit amet orci nec iaculis. Cras sit amet nulla libero. Curabitur dignissim, nunc nec laoreet consequat, purus nunc porta lacus, vel efficitur tellus augue in ipsum. Cras in arcu sed metus rutrum iaculis. Nulla non tempor erat. Duis in egestas nunc.<br></p>', NULL, CAST(58.79 AS Decimal(18, 2)), CAST(69.00 AS Decimal(18, 2)), NULL, NULL, NULL, 0, 0, 0, 0, 1, 100, NULL, NULL, N'L-Gray', 0, NULL, 1, 0, NULL, NULL, 1)
INSERT [dbo].[Catalog_Product] ([Id], [StockTrackingIsEnabled], [Name], [Slug], [MetaTitle], [MetaKeywords], [MetaDescription], [IsPublished], [PublishedOn], [IsDeleted], [CreatedById], [CreatedOn], [LatestUpdatedOn], [LatestUpdatedById], [ShortDescription], [Description], [Specification], [Price], [OldPrice], [SpecialPrice], [SpecialPriceStart], [SpecialPriceEnd], [HasOptions], [IsVisibleIndividually], [IsFeatured], [IsCallForPricing], [IsAllowToOrder], [StockQuantity], [Sku], [Gtin], [NormalizedName], [DisplayOrder], [VendorId], [ThumbnailImageId], [ReviewsCount], [RatingAverage], [BrandId], [TaxClassId]) VALUES (6, 1, N'Lightweight Jacket S Black', N'lightweight-jacket-s-black', NULL, NULL, NULL, 1, CAST(N'2018-08-11T15:02:17.0554741+07:00' AS DateTimeOffset), 0, 10, CAST(N'2018-08-11T15:02:17.0554738+07:00' AS DateTimeOffset), CAST(N'2018-08-11T15:02:17.0554739+07:00' AS DateTimeOffset), 10, N'<p>Nulla eget sem vitae eros pharetra viverra. Nam vitae luctus ligula. Mauris consequat ornare feugiat.<br></p>', N'<p>Aenean sit amet gravida nisi. Nam fermentum est felis, quis feugiat nunc fringilla sit amet. Ut in blandit ipsum. Quisque luctus dui at ante aliquet, in hendrerit lectus interdum. Morbi elementum sapien rhoncus pretium maximus. Nulla lectus enim, cursus et elementum sed, sodales vitae eros. Ut ex quam, porta consequat interdum in, faucibus eu velit. Quisque rhoncus ex ac libero varius molestie. Aenean tempor sit amet orci nec iaculis. Cras sit amet nulla libero. Curabitur dignissim, nunc nec laoreet consequat, purus nunc porta lacus, vel efficitur tellus augue in ipsum. Cras in arcu sed metus rutrum iaculis. Nulla non tempor erat. Duis in egestas nunc.<br></p>', NULL, CAST(58.79 AS Decimal(18, 2)), CAST(69.00 AS Decimal(18, 2)), NULL, NULL, NULL, 0, 0, 0, 0, 1, 100, NULL, NULL, N'S-Black', 0, NULL, 1, 0, NULL, NULL, 1)
INSERT [dbo].[Catalog_Product] ([Id], [StockTrackingIsEnabled], [Name], [Slug], [MetaTitle], [MetaKeywords], [MetaDescription], [IsPublished], [PublishedOn], [IsDeleted], [CreatedById], [CreatedOn], [LatestUpdatedOn], [LatestUpdatedById], [ShortDescription], [Description], [Specification], [Price], [OldPrice], [SpecialPrice], [SpecialPriceStart], [SpecialPriceEnd], [HasOptions], [IsVisibleIndividually], [IsFeatured], [IsCallForPricing], [IsAllowToOrder], [StockQuantity], [Sku], [Gtin], [NormalizedName], [DisplayOrder], [VendorId], [ThumbnailImageId], [ReviewsCount], [RatingAverage], [BrandId], [TaxClassId]) VALUES (7, 1, N'Lightweight Jacket S Gray', N'lightweight-jacket-s-gray', NULL, NULL, NULL, 1, CAST(N'2018-08-11T15:02:17.0554798+07:00' AS DateTimeOffset), 0, 10, CAST(N'2018-08-11T15:02:17.0554795+07:00' AS DateTimeOffset), CAST(N'2018-08-11T15:02:17.0554796+07:00' AS DateTimeOffset), 10, N'<p>Nulla eget sem vitae eros pharetra viverra. Nam vitae luctus ligula. Mauris consequat ornare feugiat.<br></p>', N'<p>Aenean sit amet gravida nisi. Nam fermentum est felis, quis feugiat nunc fringilla sit amet. Ut in blandit ipsum. Quisque luctus dui at ante aliquet, in hendrerit lectus interdum. Morbi elementum sapien rhoncus pretium maximus. Nulla lectus enim, cursus et elementum sed, sodales vitae eros. Ut ex quam, porta consequat interdum in, faucibus eu velit. Quisque rhoncus ex ac libero varius molestie. Aenean tempor sit amet orci nec iaculis. Cras sit amet nulla libero. Curabitur dignissim, nunc nec laoreet consequat, purus nunc porta lacus, vel efficitur tellus augue in ipsum. Cras in arcu sed metus rutrum iaculis. Nulla non tempor erat. Duis in egestas nunc.<br></p>', NULL, CAST(58.79 AS Decimal(18, 2)), CAST(69.00 AS Decimal(18, 2)), NULL, NULL, NULL, 0, 0, 0, 0, 1, 100, NULL, NULL, N'S-Gray', 0, NULL, 1, 0, NULL, NULL, 1)
INSERT [dbo].[Catalog_Product] ([Id], [StockTrackingIsEnabled], [Name], [Slug], [MetaTitle], [MetaKeywords], [MetaDescription], [IsPublished], [PublishedOn], [IsDeleted], [CreatedById], [CreatedOn], [LatestUpdatedOn], [LatestUpdatedById], [ShortDescription], [Description], [Specification], [Price], [OldPrice], [SpecialPrice], [SpecialPriceStart], [SpecialPriceEnd], [HasOptions], [IsVisibleIndividually], [IsFeatured], [IsCallForPricing], [IsAllowToOrder], [StockQuantity], [Sku], [Gtin], [NormalizedName], [DisplayOrder], [VendorId], [ThumbnailImageId], [ReviewsCount], [RatingAverage], [BrandId], [TaxClassId]) VALUES (8, 1, N'Esprit Ruffle Shirt', N'esprit-ruffle-shirt', NULL, NULL, NULL, 1, NULL, 0, 10, CAST(N'2018-08-11T18:14:54.9500292+07:00' AS DateTimeOffset), CAST(N'2018-08-11T18:14:54.9500303+07:00' AS DateTimeOffset), 10, N'<p><span style="color: rgb(102, 102, 102); font-family: Arial, sans-serif; font-size: 15px;">Nulla eget sem vitae eros pharetra viverra. Nam vitae luctus ligula. Mauris consequat ornare feugiat.</span><br></p>', N'<p><span style="color: rgb(102, 102, 102); font-family: Arial, sans-serif; font-size: 15px;">Aenean sit amet gravida nisi. Nam fermentum est felis, quis feugiat nunc fringilla sit amet. Ut in blandit ipsum. Quisque luctus dui at ante aliquet, in hendrerit lectus interdum. Morbi elementum sapien rhoncus pretium maximus. Nulla lectus enim, cursus et elementum sed, sodales vitae eros. Ut ex quam, porta consequat interdum in, faucibus eu velit. Quisque rhoncus ex ac libero varius molestie. Aenean tempor sit amet orci nec iaculis. Cras sit amet nulla libero. Curabitur dignissim, nunc nec laoreet consequat, purus nunc porta lacus, vel efficitur tellus augue in ipsum. Cras in arcu sed metus rutrum iaculis. Nulla non tempor erat. Duis in egestas nunc.</span><br></p>', NULL, CAST(16.64 AS Decimal(18, 2)), NULL, NULL, NULL, NULL, 0, 1, 0, 0, 1, 100, NULL, NULL, NULL, 0, NULL, 5, 0, NULL, 2, 1)
INSERT [dbo].[Catalog_Product] ([Id], [StockTrackingIsEnabled], [Name], [Slug], [MetaTitle], [MetaKeywords], [MetaDescription], [IsPublished], [PublishedOn], [IsDeleted], [CreatedById], [CreatedOn], [LatestUpdatedOn], [LatestUpdatedById], [ShortDescription], [Description], [Specification], [Price], [OldPrice], [SpecialPrice], [SpecialPriceStart], [SpecialPriceEnd], [HasOptions], [IsVisibleIndividually], [IsFeatured], [IsCallForPricing], [IsAllowToOrder], [StockQuantity], [Sku], [Gtin], [NormalizedName], [DisplayOrder], [VendorId], [ThumbnailImageId], [ReviewsCount], [RatingAverage], [BrandId], [TaxClassId]) VALUES (9, 1, N'Herschel supply', N'herschel-supply', NULL, NULL, NULL, 1, NULL, 0, 10, CAST(N'2018-08-11T18:16:28.3513281+07:00' AS DateTimeOffset), CAST(N'2018-08-11T18:16:28.3513289+07:00' AS DateTimeOffset), 10, N'<p><span style="color: rgb(102, 102, 102); font-family: Arial, sans-serif; font-size: 15px;">Nulla eget sem vitae eros pharetra viverra. Nam vitae luctus ligula. Mauris consequat ornare feugiat.</span><br></p>', N'<p><span style="color: rgb(102, 102, 102); font-family: Arial, sans-serif; font-size: 15px;">Aenean sit amet gravida nisi. Nam fermentum est felis, quis feugiat nunc fringilla sit amet. Ut in blandit ipsum. Quisque luctus dui at ante aliquet, in hendrerit lectus interdum. Morbi elementum sapien rhoncus pretium maximus. Nulla lectus enim, cursus et elementum sed, sodales vitae eros. Ut ex quam, porta consequat interdum in, faucibus eu velit. Quisque rhoncus ex ac libero varius molestie. Aenean tempor sit amet orci nec iaculis. Cras sit amet nulla libero. Curabitur dignissim, nunc nec laoreet consequat, purus nunc porta lacus, vel efficitur tellus augue in ipsum. Cras in arcu sed metus rutrum iaculis. Nulla non tempor erat. Duis in egestas nunc.</span><br></p>', NULL, CAST(35.31 AS Decimal(18, 2)), NULL, NULL, NULL, NULL, 0, 1, 0, 0, 1, 100, NULL, NULL, NULL, 0, NULL, 7, 0, NULL, NULL, 1)
INSERT [dbo].[Catalog_Product] ([Id], [StockTrackingIsEnabled], [Name], [Slug], [MetaTitle], [MetaKeywords], [MetaDescription], [IsPublished], [PublishedOn], [IsDeleted], [CreatedById], [CreatedOn], [LatestUpdatedOn], [LatestUpdatedById], [ShortDescription], [Description], [Specification], [Price], [OldPrice], [SpecialPrice], [SpecialPriceStart], [SpecialPriceEnd], [HasOptions], [IsVisibleIndividually], [IsFeatured], [IsCallForPricing], [IsAllowToOrder], [StockQuantity], [Sku], [Gtin], [NormalizedName], [DisplayOrder], [VendorId], [ThumbnailImageId], [ReviewsCount], [RatingAverage], [BrandId], [TaxClassId]) VALUES (10, 1, N'Only Check Trouser', N'only-check-trouser', NULL, NULL, NULL, 1, NULL, 0, 10, CAST(N'2018-08-11T18:17:33.9968471+07:00' AS DateTimeOffset), CAST(N'2018-08-11T18:17:33.9968483+07:00' AS DateTimeOffset), 10, N'<p>Nulla eget sem vitae eros pharetra viverra. Nam vitae luctus ligula. Mauris consequat ornare feugiat.<br></p>', N'<p>Aenean sit amet gravida nisi. Nam fermentum est felis, quis feugiat nunc fringilla sit amet. Ut in blandit ipsum. Quisque luctus dui at ante aliquet, in hendrerit lectus interdum. Morbi elementum sapien rhoncus pretium maximus. Nulla lectus enim, cursus et elementum sed, sodales vitae eros. Ut ex quam, porta consequat interdum in, faucibus eu velit. Quisque rhoncus ex ac libero varius molestie. Aenean tempor sit amet orci nec iaculis. Cras sit amet nulla libero. Curabitur dignissim, nunc nec laoreet consequat, purus nunc porta lacus, vel efficitur tellus augue in ipsum. Cras in arcu sed metus rutrum iaculis. Nulla non tempor erat. Duis in egestas nunc.<br></p>', NULL, CAST(25.50 AS Decimal(18, 2)), NULL, NULL, NULL, NULL, 0, 1, 0, 0, 1, 100, NULL, NULL, NULL, 0, NULL, 9, 0, NULL, 2, 1)
INSERT [dbo].[Catalog_Product] ([Id], [StockTrackingIsEnabled], [Name], [Slug], [MetaTitle], [MetaKeywords], [MetaDescription], [IsPublished], [PublishedOn], [IsDeleted], [CreatedById], [CreatedOn], [LatestUpdatedOn], [LatestUpdatedById], [ShortDescription], [Description], [Specification], [Price], [OldPrice], [SpecialPrice], [SpecialPriceStart], [SpecialPriceEnd], [HasOptions], [IsVisibleIndividually], [IsFeatured], [IsCallForPricing], [IsAllowToOrder], [StockQuantity], [Sku], [Gtin], [NormalizedName], [DisplayOrder], [VendorId], [ThumbnailImageId], [ReviewsCount], [RatingAverage], [BrandId], [TaxClassId]) VALUES (11, 1, N'Classic Trench Coat', N'classic-trench-coat', NULL, NULL, NULL, 1, NULL, 0, 10, CAST(N'2018-08-11T18:18:38.8006442+07:00' AS DateTimeOffset), CAST(N'2018-08-11T18:18:38.8006452+07:00' AS DateTimeOffset), 10, N'<p><span style="color: rgb(102, 102, 102); font-family: Arial, sans-serif; font-size: 15px;">Nulla eget sem vitae eros pharetra viverra. Nam vitae luctus ligula. Mauris consequat ornare feugiat.</span><br></p>', N'<p><span style="color: rgb(102, 102, 102); font-family: Arial, sans-serif; font-size: 15px;">Aenean sit amet gravida nisi. Nam fermentum est felis, quis feugiat nunc fringilla sit amet. Ut in blandit ipsum. Quisque luctus dui at ante aliquet, in hendrerit lectus interdum. Morbi elementum sapien rhoncus pretium maximus. Nulla lectus enim, cursus et elementum sed, sodales vitae eros. Ut ex quam, porta consequat interdum in, faucibus eu velit. Quisque rhoncus ex ac libero varius molestie. Aenean tempor sit amet orci nec iaculis. Cras sit amet nulla libero. Curabitur dignissim, nunc nec laoreet consequat, purus nunc porta lacus, vel efficitur tellus augue in ipsum. Cras in arcu sed metus rutrum iaculis. Nulla non tempor erat. Duis in egestas nunc.</span><br></p>', NULL, CAST(75.00 AS Decimal(18, 2)), NULL, NULL, NULL, NULL, 0, 1, 0, 0, 1, 100, NULL, NULL, NULL, 0, NULL, 11, 0, NULL, 2, 1)
INSERT [dbo].[Catalog_Product] ([Id], [StockTrackingIsEnabled], [Name], [Slug], [MetaTitle], [MetaKeywords], [MetaDescription], [IsPublished], [PublishedOn], [IsDeleted], [CreatedById], [CreatedOn], [LatestUpdatedOn], [LatestUpdatedById], [ShortDescription], [Description], [Specification], [Price], [OldPrice], [SpecialPrice], [SpecialPriceStart], [SpecialPriceEnd], [HasOptions], [IsVisibleIndividually], [IsFeatured], [IsCallForPricing], [IsAllowToOrder], [StockQuantity], [Sku], [Gtin], [NormalizedName], [DisplayOrder], [VendorId], [ThumbnailImageId], [ReviewsCount], [RatingAverage], [BrandId], [TaxClassId]) VALUES (12, 1, N'Front Pocket Jumper', N'front-pocket-jumper', NULL, NULL, NULL, 1, NULL, 0, 10, CAST(N'2018-08-11T18:20:26.0181214+07:00' AS DateTimeOffset), CAST(N'2018-08-11T18:20:26.0181225+07:00' AS DateTimeOffset), 10, N'<p><span style="color: rgb(102, 102, 102); font-family: Arial, sans-serif; font-size: 15px;">Nulla eget sem vitae eros pharetra viverra. Nam vitae luctus ligula. Mauris consequat ornare feugiat.</span><br></p>', N'<p><span style="color: rgb(102, 102, 102); font-family: Arial, sans-serif; font-size: 15px;">Aenean sit amet gravida nisi. Nam fermentum est felis, quis feugiat nunc fringilla sit amet. Ut in blandit ipsum. Quisque luctus dui at ante aliquet, in hendrerit lectus interdum. Morbi elementum sapien rhoncus pretium maximus. Nulla lectus enim, cursus et elementum sed, sodales vitae eros. Ut ex quam, porta consequat interdum in, faucibus eu velit. Quisque rhoncus ex ac libero varius molestie. Aenean tempor sit amet orci nec iaculis. Cras sit amet nulla libero. Curabitur dignissim, nunc nec laoreet consequat, purus nunc porta lacus, vel efficitur tellus augue in ipsum. Cras in arcu sed metus rutrum iaculis. Nulla non tempor erat. Duis in egestas nunc.</span><br></p>', NULL, CAST(34.75 AS Decimal(18, 2)), NULL, NULL, NULL, NULL, 0, 1, 0, 0, 1, 100, NULL, NULL, NULL, 0, NULL, 13, 0, NULL, 2, 1)
INSERT [dbo].[Catalog_Product] ([Id], [StockTrackingIsEnabled], [Name], [Slug], [MetaTitle], [MetaKeywords], [MetaDescription], [IsPublished], [PublishedOn], [IsDeleted], [CreatedById], [CreatedOn], [LatestUpdatedOn], [LatestUpdatedById], [ShortDescription], [Description], [Specification], [Price], [OldPrice], [SpecialPrice], [SpecialPriceStart], [SpecialPriceEnd], [HasOptions], [IsVisibleIndividually], [IsFeatured], [IsCallForPricing], [IsAllowToOrder], [StockQuantity], [Sku], [Gtin], [NormalizedName], [DisplayOrder], [VendorId], [ThumbnailImageId], [ReviewsCount], [RatingAverage], [BrandId], [TaxClassId]) VALUES (13, 1, N'Vintage Inspired Classic', N'vintage-inspired-classic', NULL, NULL, NULL, 1, NULL, 0, 10, CAST(N'2018-08-11T18:22:07.9910541+07:00' AS DateTimeOffset), CAST(N'2018-08-11T18:22:07.9910553+07:00' AS DateTimeOffset), 10, N'<p><span style="color: rgb(102, 102, 102); font-family: Arial, sans-serif; font-size: 15px;">Nulla eget sem vitae eros pharetra viverra. Nam vitae luctus ligula. Mauris consequat ornare feugiat.</span><br></p>', N'<p>Aenean sit amet gravida nisi. Nam fermentum est felis, quis feugiat nunc fringilla sit amet. Ut in blandit ipsum. Quisque luctus dui at ante aliquet, in hendrerit lectus interdum. Morbi elementum sapien rhoncus pretium maximus. Nulla lectus enim, cursus et elementum sed, sodales vitae eros. Ut ex quam, porta consequat interdum in, faucibus eu velit. Quisque rhoncus ex ac libero varius molestie. Aenean tempor sit amet orci nec iaculis. Cras sit amet nulla libero. Curabitur dignissim, nunc nec laoreet consequat, purus nunc porta lacus, vel efficitur tellus augue in ipsum. Cras in arcu sed metus rutrum iaculis. Nulla non tempor erat. Duis in egestas nunc.<br></p>', NULL, CAST(93.20 AS Decimal(18, 2)), NULL, NULL, NULL, NULL, 0, 1, 0, 0, 1, 100, NULL, NULL, NULL, 0, NULL, 15, 0, NULL, 3, 1)
INSERT [dbo].[Catalog_Product] ([Id], [StockTrackingIsEnabled], [Name], [Slug], [MetaTitle], [MetaKeywords], [MetaDescription], [IsPublished], [PublishedOn], [IsDeleted], [CreatedById], [CreatedOn], [LatestUpdatedOn], [LatestUpdatedById], [ShortDescription], [Description], [Specification], [Price], [OldPrice], [SpecialPrice], [SpecialPriceStart], [SpecialPriceEnd], [HasOptions], [IsVisibleIndividually], [IsFeatured], [IsCallForPricing], [IsAllowToOrder], [StockQuantity], [Sku], [Gtin], [NormalizedName], [DisplayOrder], [VendorId], [ThumbnailImageId], [ReviewsCount], [RatingAverage], [BrandId], [TaxClassId]) VALUES (14, 1, N'Shirt in Stretch Cotton', N'shirt-in-stretch-cotton', NULL, NULL, NULL, 1, NULL, 0, 10, CAST(N'2018-08-11T18:23:06.0599222+07:00' AS DateTimeOffset), CAST(N'2018-08-11T18:23:06.0599232+07:00' AS DateTimeOffset), 10, N'<p><span style="color: rgb(102, 102, 102); font-family: Arial, sans-serif; font-size: 15px;">Nulla eget sem vitae eros pharetra viverra. Nam vitae luctus ligula. Mauris consequat ornare feugiat.</span><br></p>', N'<p>Aenean sit amet gravida nisi. Nam fermentum est felis, quis feugiat nunc fringilla sit amet. Ut in blandit ipsum. Quisque luctus dui at ante aliquet, in hendrerit lectus interdum. Morbi elementum sapien rhoncus pretium maximus. Nulla lectus enim, cursus et elementum sed, sodales vitae eros. Ut ex quam, porta consequat interdum in, faucibus eu velit. Quisque rhoncus ex ac libero varius molestie. Aenean tempor sit amet orci nec iaculis. Cras sit amet nulla libero. Curabitur dignissim, nunc nec laoreet consequat, purus nunc porta lacus, vel efficitur tellus augue in ipsum. Cras in arcu sed metus rutrum iaculis. Nulla non tempor erat. Duis in egestas nunc.<br></p>', NULL, CAST(52.66 AS Decimal(18, 2)), NULL, NULL, NULL, NULL, 0, 1, 0, 0, 1, 100, NULL, NULL, NULL, 0, NULL, 17, 0, NULL, 2, 1)
INSERT [dbo].[Catalog_Product] ([Id], [StockTrackingIsEnabled], [Name], [Slug], [MetaTitle], [MetaKeywords], [MetaDescription], [IsPublished], [PublishedOn], [IsDeleted], [CreatedById], [CreatedOn], [LatestUpdatedOn], [LatestUpdatedById], [ShortDescription], [Description], [Specification], [Price], [OldPrice], [SpecialPrice], [SpecialPriceStart], [SpecialPriceEnd], [HasOptions], [IsVisibleIndividually], [IsFeatured], [IsCallForPricing], [IsAllowToOrder], [StockQuantity], [Sku], [Gtin], [NormalizedName], [DisplayOrder], [VendorId], [ThumbnailImageId], [ReviewsCount], [RatingAverage], [BrandId], [TaxClassId]) VALUES (15, 1, N'Pieces Metallic Printed', N'pieces-metallic-printed', NULL, NULL, NULL, 1, NULL, 0, 10, CAST(N'2018-08-11T18:24:48.0791813+07:00' AS DateTimeOffset), CAST(N'2018-08-11T18:24:48.0791822+07:00' AS DateTimeOffset), 10, N'<p><span style="color: rgb(102, 102, 102); font-family: Arial, sans-serif; font-size: 15px;">Nulla eget sem vitae eros pharetra viverra. Nam vitae luctus ligula. Mauris consequat ornare feugiat.</span><br></p>', N'<p>Aenean sit amet gravida nisi. Nam fermentum est felis, quis feugiat nunc fringilla sit amet. Ut in blandit ipsum. Quisque luctus dui at ante aliquet, in hendrerit lectus interdum. Morbi elementum sapien rhoncus pretium maximus. Nulla lectus enim, cursus et elementum sed, sodales vitae eros. Ut ex quam, porta consequat interdum in, faucibus eu velit. Quisque rhoncus ex ac libero varius molestie. Aenean tempor sit amet orci nec iaculis. Cras sit amet nulla libero. Curabitur dignissim, nunc nec laoreet consequat, purus nunc porta lacus, vel efficitur tellus augue in ipsum. Cras in arcu sed metus rutrum iaculis. Nulla non tempor erat. Duis in egestas nunc.<br></p>', NULL, CAST(18.96 AS Decimal(18, 2)), NULL, NULL, NULL, NULL, 0, 1, 0, 0, 1, 100, NULL, NULL, NULL, 0, NULL, 19, 0, NULL, 2, 1)
INSERT [dbo].[Catalog_Product] ([Id], [StockTrackingIsEnabled], [Name], [Slug], [MetaTitle], [MetaKeywords], [MetaDescription], [IsPublished], [PublishedOn], [IsDeleted], [CreatedById], [CreatedOn], [LatestUpdatedOn], [LatestUpdatedById], [ShortDescription], [Description], [Specification], [Price], [OldPrice], [SpecialPrice], [SpecialPriceStart], [SpecialPriceEnd], [HasOptions], [IsVisibleIndividually], [IsFeatured], [IsCallForPricing], [IsAllowToOrder], [StockQuantity], [Sku], [Gtin], [NormalizedName], [DisplayOrder], [VendorId], [ThumbnailImageId], [ReviewsCount], [RatingAverage], [BrandId], [TaxClassId]) VALUES (16, 1, N'Converse All Star Hi Plimsolls', N'converse-all-star-hi-plimsolls', NULL, NULL, NULL, 1, NULL, 0, 10, CAST(N'2018-08-11T18:26:22.6986514+07:00' AS DateTimeOffset), CAST(N'2018-08-11T18:26:22.6986524+07:00' AS DateTimeOffset), 10, N'<p><span style="color: rgb(102, 102, 102); font-family: Arial, sans-serif; font-size: 15px;">Nulla eget sem vitae eros pharetra viverra. Nam vitae luctus ligula. Mauris consequat ornare feugiat.</span><br></p>', N'<p><span style="color: rgb(102, 102, 102); font-family: Arial, sans-serif; font-size: 15px;">Aenean sit amet gravida nisi. Nam fermentum est felis, quis feugiat nunc fringilla sit amet. Ut in blandit ipsum. Quisque luctus dui at ante aliquet, in hendrerit lectus interdum. Morbi elementum sapien rhoncus pretium maximus. Nulla lectus enim, cursus et elementum sed, sodales vitae eros. Ut ex quam, porta consequat interdum in, faucibus eu velit. Quisque rhoncus ex ac libero varius molestie. Aenean tempor sit amet orci nec iaculis. Cras sit amet nulla libero. Curabitur dignissim, nunc nec laoreet consequat, purus nunc porta lacus, vel efficitur tellus augue in ipsum. Cras in arcu sed metus rutrum iaculis. Nulla non tempor erat. Duis in egestas nunc.</span><br></p>', NULL, CAST(75.00 AS Decimal(18, 2)), NULL, NULL, NULL, NULL, 0, 1, 0, 0, 1, 100, NULL, NULL, NULL, 0, NULL, 21, 0, NULL, 1, 1)
INSERT [dbo].[Catalog_Product] ([Id], [StockTrackingIsEnabled], [Name], [Slug], [MetaTitle], [MetaKeywords], [MetaDescription], [IsPublished], [PublishedOn], [IsDeleted], [CreatedById], [CreatedOn], [LatestUpdatedOn], [LatestUpdatedById], [ShortDescription], [Description], [Specification], [Price], [OldPrice], [SpecialPrice], [SpecialPriceStart], [SpecialPriceEnd], [HasOptions], [IsVisibleIndividually], [IsFeatured], [IsCallForPricing], [IsAllowToOrder], [StockQuantity], [Sku], [Gtin], [NormalizedName], [DisplayOrder], [VendorId], [ThumbnailImageId], [ReviewsCount], [RatingAverage], [BrandId], [TaxClassId]) VALUES (17, 1, N'Femme T-Shirt In Stripe', N'femme-t-shirt-in-stripe', NULL, NULL, NULL, 1, NULL, 0, 10, CAST(N'2018-08-11T18:27:33.7510433+07:00' AS DateTimeOffset), CAST(N'2018-08-11T18:27:33.7510446+07:00' AS DateTimeOffset), 10, N'<p><span style="color: rgb(102, 102, 102); font-family: Arial, sans-serif; font-size: 15px;">Nulla eget sem vitae eros pharetra viverra. Nam vitae luctus ligula. Mauris consequat ornare feugiat.</span><br></p>', N'<p><span style="color: rgb(102, 102, 102); font-family: Arial, sans-serif; font-size: 15px;">Aenean sit amet gravida nisi. Nam fermentum est felis, quis feugiat nunc fringilla sit amet. Ut in blandit ipsum. Quisque luctus dui at ante aliquet, in hendrerit lectus interdum. Morbi elementum sapien rhoncus pretium maximus. Nulla lectus enim, cursus et elementum sed, sodales vitae eros. Ut ex quam, porta consequat interdum in, faucibus eu velit. Quisque rhoncus ex ac libero varius molestie. Aenean tempor sit amet orci nec iaculis. Cras sit amet nulla libero. Curabitur dignissim, nunc nec laoreet consequat, purus nunc porta lacus, vel efficitur tellus augue in ipsum. Cras in arcu sed metus rutrum iaculis. Nulla non tempor erat. Duis in egestas nunc.</span><br></p>', NULL, CAST(25.85 AS Decimal(18, 2)), NULL, NULL, NULL, NULL, 0, 1, 0, 0, 1, 100, NULL, NULL, NULL, 0, NULL, 23, 0, NULL, 2, 1)
INSERT [dbo].[Catalog_Product] ([Id], [StockTrackingIsEnabled], [Name], [Slug], [MetaTitle], [MetaKeywords], [MetaDescription], [IsPublished], [PublishedOn], [IsDeleted], [CreatedById], [CreatedOn], [LatestUpdatedOn], [LatestUpdatedById], [ShortDescription], [Description], [Specification], [Price], [OldPrice], [SpecialPrice], [SpecialPriceStart], [SpecialPriceEnd], [HasOptions], [IsVisibleIndividually], [IsFeatured], [IsCallForPricing], [IsAllowToOrder], [StockQuantity], [Sku], [Gtin], [NormalizedName], [DisplayOrder], [VendorId], [ThumbnailImageId], [ReviewsCount], [RatingAverage], [BrandId], [TaxClassId]) VALUES (18, 1, N'Herschel supply', N'herschel-supply-2', NULL, NULL, NULL, 1, NULL, 0, 10, CAST(N'2018-08-11T18:28:33.4852442+07:00' AS DateTimeOffset), CAST(N'2018-08-11T18:28:33.4852456+07:00' AS DateTimeOffset), 10, N'<p><span style="color: rgb(102, 102, 102); font-family: Arial, sans-serif; font-size: 15px;">Nulla eget sem vitae eros pharetra viverra. Nam vitae luctus ligula. Mauris consequat ornare feugiat.</span><br></p>', N'<p><span style="color: rgb(102, 102, 102); font-family: Arial, sans-serif; font-size: 15px;">Aenean sit amet gravida nisi. Nam fermentum est felis, quis feugiat nunc fringilla sit amet. Ut in blandit ipsum. Quisque luctus dui at ante aliquet, in hendrerit lectus interdum. Morbi elementum sapien rhoncus pretium maximus. Nulla lectus enim, cursus et elementum sed, sodales vitae eros. Ut ex quam, porta consequat interdum in, faucibus eu velit. Quisque rhoncus ex ac libero varius molestie. Aenean tempor sit amet orci nec iaculis. Cras sit amet nulla libero. Curabitur dignissim, nunc nec laoreet consequat, purus nunc porta lacus, vel efficitur tellus augue in ipsum. Cras in arcu sed metus rutrum iaculis. Nulla non tempor erat. Duis in egestas nunc.</span><br></p>', NULL, CAST(63.16 AS Decimal(18, 2)), NULL, NULL, NULL, NULL, 0, 1, 0, 0, 1, 100, NULL, NULL, NULL, 0, NULL, 25, 0, NULL, 2, 1)
INSERT [dbo].[Catalog_Product] ([Id], [StockTrackingIsEnabled], [Name], [Slug], [MetaTitle], [MetaKeywords], [MetaDescription], [IsPublished], [PublishedOn], [IsDeleted], [CreatedById], [CreatedOn], [LatestUpdatedOn], [LatestUpdatedById], [ShortDescription], [Description], [Specification], [Price], [OldPrice], [SpecialPrice], [SpecialPriceStart], [SpecialPriceEnd], [HasOptions], [IsVisibleIndividually], [IsFeatured], [IsCallForPricing], [IsAllowToOrder], [StockQuantity], [Sku], [Gtin], [NormalizedName], [DisplayOrder], [VendorId], [ThumbnailImageId], [ReviewsCount], [RatingAverage], [BrandId], [TaxClassId]) VALUES (19, 1, N'Herschel supply', N'herschel-supply-2-3', NULL, NULL, NULL, 1, NULL, 0, 10, CAST(N'2018-08-11T18:29:44.3076497+07:00' AS DateTimeOffset), CAST(N'2018-08-11T18:29:44.3076505+07:00' AS DateTimeOffset), 10, N'<p>Nulla eget sem vitae eros pharetra viverra. Nam vitae luctus ligula. Mauris consequat ornare feugiat.</p>', N'<p><span style="color: rgb(102, 102, 102); font-family: Arial, sans-serif; font-size: 15px;">Aenean sit amet gravida nisi. Nam fermentum est felis, quis feugiat nunc fringilla sit amet. Ut in blandit ipsum. Quisque luctus dui at ante aliquet, in hendrerit lectus interdum. Morbi elementum sapien rhoncus pretium maximus. Nulla lectus enim, cursus et elementum sed, sodales vitae eros. Ut ex quam, porta consequat interdum in, faucibus eu velit. Quisque rhoncus ex ac libero varius molestie. Aenean tempor sit amet orci nec iaculis. Cras sit amet nulla libero. Curabitur dignissim, nunc nec laoreet consequat, purus nunc porta lacus, vel efficitur tellus augue in ipsum. Cras in arcu sed metus rutrum iaculis. Nulla non tempor erat. Duis in egestas nunc.</span><br></p>', NULL, CAST(63.15 AS Decimal(18, 2)), NULL, NULL, NULL, NULL, 0, 1, 0, 0, 1, 100, NULL, NULL, NULL, 0, NULL, 27, 0, NULL, 2, 1)
INSERT [dbo].[Catalog_Product] ([Id], [StockTrackingIsEnabled], [Name], [Slug], [MetaTitle], [MetaKeywords], [MetaDescription], [IsPublished], [PublishedOn], [IsDeleted], [CreatedById], [CreatedOn], [LatestUpdatedOn], [LatestUpdatedById], [ShortDescription], [Description], [Specification], [Price], [OldPrice], [SpecialPrice], [SpecialPriceStart], [SpecialPriceEnd], [HasOptions], [IsVisibleIndividually], [IsFeatured], [IsCallForPricing], [IsAllowToOrder], [StockQuantity], [Sku], [Gtin], [NormalizedName], [DisplayOrder], [VendorId], [ThumbnailImageId], [ReviewsCount], [RatingAverage], [BrandId], [TaxClassId]) VALUES (20, 1, N'T-Shirt with Sleeve', N't-shirt-with-sleeve', NULL, NULL, NULL, 1, NULL, 0, 10, CAST(N'2018-08-11T18:30:56.2639586+07:00' AS DateTimeOffset), CAST(N'2018-08-11T18:30:56.2639602+07:00' AS DateTimeOffset), 10, N'<p>Nulla eget sem vitae eros pharetra viverra. Nam vitae luctus ligula. Mauris consequat ornare feugiat.</p>', N'<p>Aenean sit amet gravida nisi. Nam fermentum est felis, quis feugiat nunc fringilla sit amet. Ut in blandit ipsum. Quisque luctus dui at ante aliquet, in hendrerit lectus interdum. Morbi elementum sapien rhoncus pretium maximus. Nulla lectus enim, cursus et elementum sed, sodales vitae eros. Ut ex quam, porta consequat interdum in, faucibus eu velit. Quisque rhoncus ex ac libero varius molestie. Aenean tempor sit amet orci nec iaculis. Cras sit amet nulla libero. Curabitur dignissim, nunc nec laoreet consequat, purus nunc porta lacus, vel efficitur tellus augue in ipsum. Cras in arcu sed metus rutrum iaculis. Nulla non tempor erat. Duis in egestas nunc.<br></p>', NULL, CAST(18.49 AS Decimal(18, 2)), NULL, NULL, NULL, NULL, 0, 1, 0, 0, 1, 100, NULL, NULL, NULL, 0, NULL, 29, 1, 5, 2, 1)
INSERT [dbo].[Catalog_Product] ([Id], [StockTrackingIsEnabled], [Name], [Slug], [MetaTitle], [MetaKeywords], [MetaDescription], [IsPublished], [PublishedOn], [IsDeleted], [CreatedById], [CreatedOn], [LatestUpdatedOn], [LatestUpdatedById], [ShortDescription], [Description], [Specification], [Price], [OldPrice], [SpecialPrice], [SpecialPriceStart], [SpecialPriceEnd], [HasOptions], [IsVisibleIndividually], [IsFeatured], [IsCallForPricing], [IsAllowToOrder], [StockQuantity], [Sku], [Gtin], [NormalizedName], [DisplayOrder], [VendorId], [ThumbnailImageId], [ReviewsCount], [RatingAverage], [BrandId], [TaxClassId]) VALUES (21, 1, N'Pretty Little Thing', N'pretty-little-thing', NULL, NULL, NULL, 1, NULL, 0, 10, CAST(N'2018-08-11T18:32:22.4371355+07:00' AS DateTimeOffset), CAST(N'2018-08-11T18:32:22.4371365+07:00' AS DateTimeOffset), 10, N'<p><span style="color: rgb(102, 102, 102); font-family: Arial, sans-serif; font-size: 15px;">Nulla eget sem vitae eros pharetra viverra. Nam vitae luctus ligula. Mauris consequat ornare feugiat.</span><br></p>', N'<p>Aenean sit amet gravida nisi. Nam fermentum est felis, quis feugiat nunc fringilla sit amet. Ut in blandit ipsum. Quisque luctus dui at ante aliquet, in hendrerit lectus interdum. Morbi elementum sapien rhoncus pretium maximus. Nulla lectus enim, cursus et elementum sed, sodales vitae eros. Ut ex quam, porta consequat interdum in, faucibus eu velit. Quisque rhoncus ex ac libero varius molestie. Aenean tempor sit amet orci nec iaculis. Cras sit amet nulla libero. Curabitur dignissim, nunc nec laoreet consequat, purus nunc porta lacus, vel efficitur tellus augue in ipsum. Cras in arcu sed metus rutrum iaculis. Nulla non tempor erat. Duis in egestas nunc.<br></p>', NULL, CAST(54.79 AS Decimal(18, 2)), NULL, NULL, NULL, NULL, 0, 1, 0, 0, 1, 100, NULL, NULL, NULL, 0, NULL, 31, 0, NULL, 2, 1)
INSERT [dbo].[Catalog_Product] ([Id], [StockTrackingIsEnabled], [Name], [Slug], [MetaTitle], [MetaKeywords], [MetaDescription], [IsPublished], [PublishedOn], [IsDeleted], [CreatedById], [CreatedOn], [LatestUpdatedOn], [LatestUpdatedById], [ShortDescription], [Description], [Specification], [Price], [OldPrice], [SpecialPrice], [SpecialPriceStart], [SpecialPriceEnd], [HasOptions], [IsVisibleIndividually], [IsFeatured], [IsCallForPricing], [IsAllowToOrder], [StockQuantity], [Sku], [Gtin], [NormalizedName], [DisplayOrder], [VendorId], [ThumbnailImageId], [ReviewsCount], [RatingAverage], [BrandId], [TaxClassId]) VALUES (22, 1, N'Square Neck Back', N'square-neck-back', NULL, NULL, NULL, 1, NULL, 0, 10, CAST(N'2018-08-11T18:33:38.3028193+07:00' AS DateTimeOffset), CAST(N'2018-08-11T18:33:38.3028200+07:00' AS DateTimeOffset), 10, N'<p>Nulla eget sem vitae eros pharetra viverra. Nam vitae luctus ligula. Mauris consequat ornare feugiat.<br></p>', N'<p><span style="color: rgb(102, 102, 102); font-family: Arial, sans-serif; font-size: 15px;">Aenean sit amet gravida nisi. Nam fermentum est felis, quis feugiat nunc fringilla sit amet. Ut in blandit ipsum. Quisque luctus dui at ante aliquet, in hendrerit lectus interdum. Morbi elementum sapien rhoncus pretium maximus. Nulla lectus enim, cursus et elementum sed, sodales vitae eros. Ut ex quam, porta consequat interdum in, faucibus eu velit. Quisque rhoncus ex ac libero varius molestie. Aenean tempor sit amet orci nec iaculis. Cras sit amet nulla libero. Curabitur dignissim, nunc nec laoreet consequat, purus nunc porta lacus, vel efficitur tellus augue in ipsum. Cras in arcu sed metus rutrum iaculis. Nulla non tempor erat. Duis in egestas nunc.</span><br></p>', NULL, CAST(29.64 AS Decimal(18, 2)), CAST(39.64 AS Decimal(18, 2)), NULL, NULL, NULL, 1, 1, 0, 0, 1, 100, NULL, NULL, NULL, 0, NULL, 34, 1, 5, 2, 1)
INSERT [dbo].[Catalog_Product] ([Id], [StockTrackingIsEnabled], [Name], [Slug], [MetaTitle], [MetaKeywords], [MetaDescription], [IsPublished], [PublishedOn], [IsDeleted], [CreatedById], [CreatedOn], [LatestUpdatedOn], [LatestUpdatedById], [ShortDescription], [Description], [Specification], [Price], [OldPrice], [SpecialPrice], [SpecialPriceStart], [SpecialPriceEnd], [HasOptions], [IsVisibleIndividually], [IsFeatured], [IsCallForPricing], [IsAllowToOrder], [StockQuantity], [Sku], [Gtin], [NormalizedName], [DisplayOrder], [VendorId], [ThumbnailImageId], [ReviewsCount], [RatingAverage], [BrandId], [TaxClassId]) VALUES (23, 1, N'Square Neck Back Silver S', N'square-neck-back-silver-s', NULL, NULL, NULL, 1, CAST(N'2018-08-11T19:24:26.1186306+07:00' AS DateTimeOffset), 0, 10, CAST(N'2018-08-11T19:24:26.1186262+07:00' AS DateTimeOffset), CAST(N'2018-08-11T19:24:26.1186289+07:00' AS DateTimeOffset), 10, N'<p>Nulla eget sem vitae eros pharetra viverra. Nam vitae luctus ligula. Mauris consequat ornare feugiat.<br></p>', N'<p><span style="color: rgb(102, 102, 102); font-family: Arial, sans-serif; font-size: 15px;">Aenean sit amet gravida nisi. Nam fermentum est felis, quis feugiat nunc fringilla sit amet. Ut in blandit ipsum. Quisque luctus dui at ante aliquet, in hendrerit lectus interdum. Morbi elementum sapien rhoncus pretium maximus. Nulla lectus enim, cursus et elementum sed, sodales vitae eros. Ut ex quam, porta consequat interdum in, faucibus eu velit. Quisque rhoncus ex ac libero varius molestie. Aenean tempor sit amet orci nec iaculis. Cras sit amet nulla libero. Curabitur dignissim, nunc nec laoreet consequat, purus nunc porta lacus, vel efficitur tellus augue in ipsum. Cras in arcu sed metus rutrum iaculis. Nulla non tempor erat. Duis in egestas nunc.</span><br></p>', NULL, CAST(29.64 AS Decimal(18, 2)), CAST(39.64 AS Decimal(18, 2)), NULL, NULL, NULL, 0, 0, 0, 0, 1, 100, NULL, NULL, N'Silver-S', 0, NULL, 34, 0, NULL, NULL, 1)
INSERT [dbo].[Catalog_Product] ([Id], [StockTrackingIsEnabled], [Name], [Slug], [MetaTitle], [MetaKeywords], [MetaDescription], [IsPublished], [PublishedOn], [IsDeleted], [CreatedById], [CreatedOn], [LatestUpdatedOn], [LatestUpdatedById], [ShortDescription], [Description], [Specification], [Price], [OldPrice], [SpecialPrice], [SpecialPriceStart], [SpecialPriceEnd], [HasOptions], [IsVisibleIndividually], [IsFeatured], [IsCallForPricing], [IsAllowToOrder], [StockQuantity], [Sku], [Gtin], [NormalizedName], [DisplayOrder], [VendorId], [ThumbnailImageId], [ReviewsCount], [RatingAverage], [BrandId], [TaxClassId]) VALUES (24, 1, N'Square Neck Back Silver M', N'square-neck-back-silver-m', NULL, NULL, NULL, 1, CAST(N'2018-08-11T19:24:26.1245088+07:00' AS DateTimeOffset), 0, 10, CAST(N'2018-08-11T19:24:26.1245061+07:00' AS DateTimeOffset), CAST(N'2018-08-11T19:24:26.1245075+07:00' AS DateTimeOffset), 10, N'<p>Nulla eget sem vitae eros pharetra viverra. Nam vitae luctus ligula. Mauris consequat ornare feugiat.<br></p>', N'<p><span style="color: rgb(102, 102, 102); font-family: Arial, sans-serif; font-size: 15px;">Aenean sit amet gravida nisi. Nam fermentum est felis, quis feugiat nunc fringilla sit amet. Ut in blandit ipsum. Quisque luctus dui at ante aliquet, in hendrerit lectus interdum. Morbi elementum sapien rhoncus pretium maximus. Nulla lectus enim, cursus et elementum sed, sodales vitae eros. Ut ex quam, porta consequat interdum in, faucibus eu velit. Quisque rhoncus ex ac libero varius molestie. Aenean tempor sit amet orci nec iaculis. Cras sit amet nulla libero. Curabitur dignissim, nunc nec laoreet consequat, purus nunc porta lacus, vel efficitur tellus augue in ipsum. Cras in arcu sed metus rutrum iaculis. Nulla non tempor erat. Duis in egestas nunc.</span><br></p>', NULL, CAST(29.64 AS Decimal(18, 2)), CAST(39.64 AS Decimal(18, 2)), NULL, NULL, NULL, 0, 0, 0, 0, 1, 100, NULL, NULL, N'Silver-M', 0, NULL, 34, 0, NULL, NULL, 1)
INSERT [dbo].[Catalog_Product] ([Id], [StockTrackingIsEnabled], [Name], [Slug], [MetaTitle], [MetaKeywords], [MetaDescription], [IsPublished], [PublishedOn], [IsDeleted], [CreatedById], [CreatedOn], [LatestUpdatedOn], [LatestUpdatedById], [ShortDescription], [Description], [Specification], [Price], [OldPrice], [SpecialPrice], [SpecialPriceStart], [SpecialPriceEnd], [HasOptions], [IsVisibleIndividually], [IsFeatured], [IsCallForPricing], [IsAllowToOrder], [StockQuantity], [Sku], [Gtin], [NormalizedName], [DisplayOrder], [VendorId], [ThumbnailImageId], [ReviewsCount], [RatingAverage], [BrandId], [TaxClassId]) VALUES (25, 1, N'Square Neck Back Gray S', N'square-neck-back-gray-s', NULL, NULL, NULL, 1, CAST(N'2018-08-11T19:24:26.1245475+07:00' AS DateTimeOffset), 0, 10, CAST(N'2018-08-11T19:24:26.1245466+07:00' AS DateTimeOffset), CAST(N'2018-08-11T19:24:26.1245470+07:00' AS DateTimeOffset), 10, N'<p>Nulla eget sem vitae eros pharetra viverra. Nam vitae luctus ligula. Mauris consequat ornare feugiat.<br></p>', N'<p><span style="color: rgb(102, 102, 102); font-family: Arial, sans-serif; font-size: 15px;">Aenean sit amet gravida nisi. Nam fermentum est felis, quis feugiat nunc fringilla sit amet. Ut in blandit ipsum. Quisque luctus dui at ante aliquet, in hendrerit lectus interdum. Morbi elementum sapien rhoncus pretium maximus. Nulla lectus enim, cursus et elementum sed, sodales vitae eros. Ut ex quam, porta consequat interdum in, faucibus eu velit. Quisque rhoncus ex ac libero varius molestie. Aenean tempor sit amet orci nec iaculis. Cras sit amet nulla libero. Curabitur dignissim, nunc nec laoreet consequat, purus nunc porta lacus, vel efficitur tellus augue in ipsum. Cras in arcu sed metus rutrum iaculis. Nulla non tempor erat. Duis in egestas nunc.</span><br></p>', NULL, CAST(29.64 AS Decimal(18, 2)), CAST(39.64 AS Decimal(18, 2)), NULL, NULL, NULL, 0, 0, 0, 0, 1, 100, NULL, NULL, N'Gray-S', 0, NULL, 34, 0, NULL, NULL, 1)
INSERT [dbo].[Catalog_Product] ([Id], [StockTrackingIsEnabled], [Name], [Slug], [MetaTitle], [MetaKeywords], [MetaDescription], [IsPublished], [PublishedOn], [IsDeleted], [CreatedById], [CreatedOn], [LatestUpdatedOn], [LatestUpdatedById], [ShortDescription], [Description], [Specification], [Price], [OldPrice], [SpecialPrice], [SpecialPriceStart], [SpecialPriceEnd], [HasOptions], [IsVisibleIndividually], [IsFeatured], [IsCallForPricing], [IsAllowToOrder], [StockQuantity], [Sku], [Gtin], [NormalizedName], [DisplayOrder], [VendorId], [ThumbnailImageId], [ReviewsCount], [RatingAverage], [BrandId], [TaxClassId]) VALUES (26, 1, N'Square Neck Back Gray M', N'square-neck-back-gray-m', NULL, NULL, NULL, 1, CAST(N'2018-08-11T19:24:26.1245624+07:00' AS DateTimeOffset), 0, 10, CAST(N'2018-08-11T19:24:26.1245617+07:00' AS DateTimeOffset), CAST(N'2018-08-11T19:24:26.1245620+07:00' AS DateTimeOffset), 10, N'<p>Nulla eget sem vitae eros pharetra viverra. Nam vitae luctus ligula. Mauris consequat ornare feugiat.<br></p>', N'<p><span style="color: rgb(102, 102, 102); font-family: Arial, sans-serif; font-size: 15px;">Aenean sit amet gravida nisi. Nam fermentum est felis, quis feugiat nunc fringilla sit amet. Ut in blandit ipsum. Quisque luctus dui at ante aliquet, in hendrerit lectus interdum. Morbi elementum sapien rhoncus pretium maximus. Nulla lectus enim, cursus et elementum sed, sodales vitae eros. Ut ex quam, porta consequat interdum in, faucibus eu velit. Quisque rhoncus ex ac libero varius molestie. Aenean tempor sit amet orci nec iaculis. Cras sit amet nulla libero. Curabitur dignissim, nunc nec laoreet consequat, purus nunc porta lacus, vel efficitur tellus augue in ipsum. Cras in arcu sed metus rutrum iaculis. Nulla non tempor erat. Duis in egestas nunc.</span><br></p>', NULL, CAST(29.64 AS Decimal(18, 2)), CAST(39.64 AS Decimal(18, 2)), NULL, NULL, NULL, 0, 0, 0, 0, 1, 100, NULL, NULL, N'Gray-M', 0, NULL, 34, 0, NULL, NULL, 1)
SET IDENTITY_INSERT [dbo].[Catalog_Product] OFF 
GO
SET IDENTITY_INSERT [dbo].[Catalog_ProductCategory] ON 
INSERT [dbo].[Catalog_ProductCategory] ([Id], [IsFeaturedProduct], [DisplayOrder], [CategoryId], [ProductId]) VALUES (1, 0, 0, 5, 1)
INSERT [dbo].[Catalog_ProductCategory] ([Id], [IsFeaturedProduct], [DisplayOrder], [CategoryId], [ProductId]) VALUES (2, 0, 0, 2, 7)
INSERT [dbo].[Catalog_ProductCategory] ([Id], [IsFeaturedProduct], [DisplayOrder], [CategoryId], [ProductId]) VALUES (3, 0, 0, 5, 7)
INSERT [dbo].[Catalog_ProductCategory] ([Id], [IsFeaturedProduct], [DisplayOrder], [CategoryId], [ProductId]) VALUES (4, 0, 0, 2, 6)
INSERT [dbo].[Catalog_ProductCategory] ([Id], [IsFeaturedProduct], [DisplayOrder], [CategoryId], [ProductId]) VALUES (5, 0, 0, 5, 6)
INSERT [dbo].[Catalog_ProductCategory] ([Id], [IsFeaturedProduct], [DisplayOrder], [CategoryId], [ProductId]) VALUES (6, 0, 0, 2, 5)
INSERT [dbo].[Catalog_ProductCategory] ([Id], [IsFeaturedProduct], [DisplayOrder], [CategoryId], [ProductId]) VALUES (7, 0, 0, 5, 5)
INSERT [dbo].[Catalog_ProductCategory] ([Id], [IsFeaturedProduct], [DisplayOrder], [CategoryId], [ProductId]) VALUES (8, 0, 0, 2, 4)
INSERT [dbo].[Catalog_ProductCategory] ([Id], [IsFeaturedProduct], [DisplayOrder], [CategoryId], [ProductId]) VALUES (9, 0, 0, 5, 4)
INSERT [dbo].[Catalog_ProductCategory] ([Id], [IsFeaturedProduct], [DisplayOrder], [CategoryId], [ProductId]) VALUES (10, 0, 0, 5, 3)
INSERT [dbo].[Catalog_ProductCategory] ([Id], [IsFeaturedProduct], [DisplayOrder], [CategoryId], [ProductId]) VALUES (11, 0, 0, 2, 2)
INSERT [dbo].[Catalog_ProductCategory] ([Id], [IsFeaturedProduct], [DisplayOrder], [CategoryId], [ProductId]) VALUES (12, 0, 0, 5, 2)
INSERT [dbo].[Catalog_ProductCategory] ([Id], [IsFeaturedProduct], [DisplayOrder], [CategoryId], [ProductId]) VALUES (13, 0, 0, 2, 3)
INSERT [dbo].[Catalog_ProductCategory] ([Id], [IsFeaturedProduct], [DisplayOrder], [CategoryId], [ProductId]) VALUES (14, 0, 0, 2, 1)
INSERT [dbo].[Catalog_ProductCategory] ([Id], [IsFeaturedProduct], [DisplayOrder], [CategoryId], [ProductId]) VALUES (15, 0, 0, 1, 8)
INSERT [dbo].[Catalog_ProductCategory] ([Id], [IsFeaturedProduct], [DisplayOrder], [CategoryId], [ProductId]) VALUES (16, 0, 0, 1, 9)
INSERT [dbo].[Catalog_ProductCategory] ([Id], [IsFeaturedProduct], [DisplayOrder], [CategoryId], [ProductId]) VALUES (17, 0, 0, 2, 10)
INSERT [dbo].[Catalog_ProductCategory] ([Id], [IsFeaturedProduct], [DisplayOrder], [CategoryId], [ProductId]) VALUES (18, 0, 0, 1, 11)
INSERT [dbo].[Catalog_ProductCategory] ([Id], [IsFeaturedProduct], [DisplayOrder], [CategoryId], [ProductId]) VALUES (19, 0, 0, 1, 12)
INSERT [dbo].[Catalog_ProductCategory] ([Id], [IsFeaturedProduct], [DisplayOrder], [CategoryId], [ProductId]) VALUES (20, 0, 0, 4, 13)
INSERT [dbo].[Catalog_ProductCategory] ([Id], [IsFeaturedProduct], [DisplayOrder], [CategoryId], [ProductId]) VALUES (21, 0, 0, 2, 13)
INSERT [dbo].[Catalog_ProductCategory] ([Id], [IsFeaturedProduct], [DisplayOrder], [CategoryId], [ProductId]) VALUES (22, 0, 0, 1, 14)
INSERT [dbo].[Catalog_ProductCategory] ([Id], [IsFeaturedProduct], [DisplayOrder], [CategoryId], [ProductId]) VALUES (23, 0, 0, 1, 15)
INSERT [dbo].[Catalog_ProductCategory] ([Id], [IsFeaturedProduct], [DisplayOrder], [CategoryId], [ProductId]) VALUES (24, 0, 0, 3, 16)
INSERT [dbo].[Catalog_ProductCategory] ([Id], [IsFeaturedProduct], [DisplayOrder], [CategoryId], [ProductId]) VALUES (25, 0, 0, 1, 17)
INSERT [dbo].[Catalog_ProductCategory] ([Id], [IsFeaturedProduct], [DisplayOrder], [CategoryId], [ProductId]) VALUES (26, 0, 0, 2, 18)
INSERT [dbo].[Catalog_ProductCategory] ([Id], [IsFeaturedProduct], [DisplayOrder], [CategoryId], [ProductId]) VALUES (27, 0, 0, 5, 18)
INSERT [dbo].[Catalog_ProductCategory] ([Id], [IsFeaturedProduct], [DisplayOrder], [CategoryId], [ProductId]) VALUES (28, 0, 0, 2, 19)
INSERT [dbo].[Catalog_ProductCategory] ([Id], [IsFeaturedProduct], [DisplayOrder], [CategoryId], [ProductId]) VALUES (29, 0, 0, 1, 20)
INSERT [dbo].[Catalog_ProductCategory] ([Id], [IsFeaturedProduct], [DisplayOrder], [CategoryId], [ProductId]) VALUES (30, 0, 0, 1, 21)
INSERT [dbo].[Catalog_ProductCategory] ([Id], [IsFeaturedProduct], [DisplayOrder], [CategoryId], [ProductId]) VALUES (31, 0, 0, 1, 22)
INSERT [dbo].[Catalog_ProductCategory] ([Id], [IsFeaturedProduct], [DisplayOrder], [CategoryId], [ProductId]) VALUES (32, 0, 0, 1, 23)
INSERT [dbo].[Catalog_ProductCategory] ([Id], [IsFeaturedProduct], [DisplayOrder], [CategoryId], [ProductId]) VALUES (33, 0, 0, 1, 24)
INSERT [dbo].[Catalog_ProductCategory] ([Id], [IsFeaturedProduct], [DisplayOrder], [CategoryId], [ProductId]) VALUES (34, 0, 0, 1, 25)
INSERT [dbo].[Catalog_ProductCategory] ([Id], [IsFeaturedProduct], [DisplayOrder], [CategoryId], [ProductId]) VALUES (35, 0, 0, 1, 26)
SET IDENTITY_INSERT [dbo].[Catalog_ProductCategory] OFF 
GO
SET IDENTITY_INSERT [dbo].[Catalog_ProductLink] ON 
INSERT [dbo].[Catalog_ProductLink] ([Id], [ProductId], [LinkedProductId], [LinkType]) VALUES (1, 1, 2, 1)
INSERT [dbo].[Catalog_ProductLink] ([Id], [ProductId], [LinkedProductId], [LinkType]) VALUES (2, 1, 7, 1)
INSERT [dbo].[Catalog_ProductLink] ([Id], [ProductId], [LinkedProductId], [LinkType]) VALUES (3, 1, 3, 1)
INSERT [dbo].[Catalog_ProductLink] ([Id], [ProductId], [LinkedProductId], [LinkType]) VALUES (4, 1, 6, 1)
INSERT [dbo].[Catalog_ProductLink] ([Id], [ProductId], [LinkedProductId], [LinkType]) VALUES (5, 1, 4, 1)
INSERT [dbo].[Catalog_ProductLink] ([Id], [ProductId], [LinkedProductId], [LinkType]) VALUES (6, 1, 5, 1)
INSERT [dbo].[Catalog_ProductLink] ([Id], [ProductId], [LinkedProductId], [LinkType]) VALUES (7, 22, 23, 1)
INSERT [dbo].[Catalog_ProductLink] ([Id], [ProductId], [LinkedProductId], [LinkType]) VALUES (8, 22, 24, 1)
INSERT [dbo].[Catalog_ProductLink] ([Id], [ProductId], [LinkedProductId], [LinkType]) VALUES (9, 22, 25, 1)
INSERT [dbo].[Catalog_ProductLink] ([Id], [ProductId], [LinkedProductId], [LinkType]) VALUES (10, 22, 26, 1)
SET IDENTITY_INSERT [dbo].[Catalog_ProductLink] OFF 
GO
SET IDENTITY_INSERT [dbo].[Catalog_ProductMedia] ON 
INSERT [dbo].[Catalog_ProductMedia] ([Id], [ProductId], [MediaId], [DisplayOrder]) VALUES (1, 1, 2, 0)
INSERT [dbo].[Catalog_ProductMedia] ([Id], [ProductId], [MediaId], [DisplayOrder]) VALUES (2, 1, 3, 0)
INSERT [dbo].[Catalog_ProductMedia] ([Id], [ProductId], [MediaId], [DisplayOrder]) VALUES (3, 1, 4, 0)
INSERT [dbo].[Catalog_ProductMedia] ([Id], [ProductId], [MediaId], [DisplayOrder]) VALUES (4, 8, 6, 0)
INSERT [dbo].[Catalog_ProductMedia] ([Id], [ProductId], [MediaId], [DisplayOrder]) VALUES (5, 9, 8, 0)
INSERT [dbo].[Catalog_ProductMedia] ([Id], [ProductId], [MediaId], [DisplayOrder]) VALUES (6, 10, 10, 0)
INSERT [dbo].[Catalog_ProductMedia] ([Id], [ProductId], [MediaId], [DisplayOrder]) VALUES (7, 11, 12, 0)
INSERT [dbo].[Catalog_ProductMedia] ([Id], [ProductId], [MediaId], [DisplayOrder]) VALUES (8, 12, 14, 0)
INSERT [dbo].[Catalog_ProductMedia] ([Id], [ProductId], [MediaId], [DisplayOrder]) VALUES (9, 13, 16, 0)
INSERT [dbo].[Catalog_ProductMedia] ([Id], [ProductId], [MediaId], [DisplayOrder]) VALUES (10, 14, 18, 0)
INSERT [dbo].[Catalog_ProductMedia] ([Id], [ProductId], [MediaId], [DisplayOrder]) VALUES (11, 15, 20, 0)
INSERT [dbo].[Catalog_ProductMedia] ([Id], [ProductId], [MediaId], [DisplayOrder]) VALUES (12, 16, 22, 0)
INSERT [dbo].[Catalog_ProductMedia] ([Id], [ProductId], [MediaId], [DisplayOrder]) VALUES (13, 17, 24, 0)
INSERT [dbo].[Catalog_ProductMedia] ([Id], [ProductId], [MediaId], [DisplayOrder]) VALUES (14, 18, 26, 0)
INSERT [dbo].[Catalog_ProductMedia] ([Id], [ProductId], [MediaId], [DisplayOrder]) VALUES (15, 19, 28, 0)
INSERT [dbo].[Catalog_ProductMedia] ([Id], [ProductId], [MediaId], [DisplayOrder]) VALUES (16, 20, 30, 0)
INSERT [dbo].[Catalog_ProductMedia] ([Id], [ProductId], [MediaId], [DisplayOrder]) VALUES (17, 21, 32, 0)
INSERT [dbo].[Catalog_ProductMedia] ([Id], [ProductId], [MediaId], [DisplayOrder]) VALUES (18, 22, 33, 0)
SET IDENTITY_INSERT [dbo].[Catalog_ProductMedia] OFF 
GO
SET IDENTITY_INSERT [dbo].[Catalog_ProductOptionCombination] ON 
INSERT [dbo].[Catalog_ProductOptionCombination] ([Id], [ProductId], [OptionId], [Value], [SortIndex]) VALUES (1, 4, 1, N'Black', 1)
INSERT [dbo].[Catalog_ProductOptionCombination] ([Id], [ProductId], [OptionId], [Value], [SortIndex]) VALUES (2, 6, 1, N'Black', 1)
INSERT [dbo].[Catalog_ProductOptionCombination] ([Id], [ProductId], [OptionId], [Value], [SortIndex]) VALUES (3, 6, 2, N'S', 0)
INSERT [dbo].[Catalog_ProductOptionCombination] ([Id], [ProductId], [OptionId], [Value], [SortIndex]) VALUES (4, 5, 1, N'Gray', 1)
INSERT [dbo].[Catalog_ProductOptionCombination] ([Id], [ProductId], [OptionId], [Value], [SortIndex]) VALUES (5, 5, 2, N'L', 0)
INSERT [dbo].[Catalog_ProductOptionCombination] ([Id], [ProductId], [OptionId], [Value], [SortIndex]) VALUES (6, 7, 1, N'Gray', 1)
INSERT [dbo].[Catalog_ProductOptionCombination] ([Id], [ProductId], [OptionId], [Value], [SortIndex]) VALUES (7, 4, 2, N'L', 0)
INSERT [dbo].[Catalog_ProductOptionCombination] ([Id], [ProductId], [OptionId], [Value], [SortIndex]) VALUES (8, 3, 1, N'Gray', 1)
INSERT [dbo].[Catalog_ProductOptionCombination] ([Id], [ProductId], [OptionId], [Value], [SortIndex]) VALUES (9, 3, 2, N'M', 0)
INSERT [dbo].[Catalog_ProductOptionCombination] ([Id], [ProductId], [OptionId], [Value], [SortIndex]) VALUES (10, 7, 2, N'S', 0)
INSERT [dbo].[Catalog_ProductOptionCombination] ([Id], [ProductId], [OptionId], [Value], [SortIndex]) VALUES (11, 2, 1, N'Black', 1)
INSERT [dbo].[Catalog_ProductOptionCombination] ([Id], [ProductId], [OptionId], [Value], [SortIndex]) VALUES (12, 2, 2, N'M', 0)
INSERT [dbo].[Catalog_ProductOptionCombination] ([Id], [ProductId], [OptionId], [Value], [SortIndex]) VALUES (13, 23, 1, N'Silver', 0)
INSERT [dbo].[Catalog_ProductOptionCombination] ([Id], [ProductId], [OptionId], [Value], [SortIndex]) VALUES (14, 23, 2, N'S', 1)
INSERT [dbo].[Catalog_ProductOptionCombination] ([Id], [ProductId], [OptionId], [Value], [SortIndex]) VALUES (15, 26, 1, N'Gray', 0)
INSERT [dbo].[Catalog_ProductOptionCombination] ([Id], [ProductId], [OptionId], [Value], [SortIndex]) VALUES (16, 24, 1, N'Silver', 0)
INSERT [dbo].[Catalog_ProductOptionCombination] ([Id], [ProductId], [OptionId], [Value], [SortIndex]) VALUES (17, 24, 2, N'M', 1)
INSERT [dbo].[Catalog_ProductOptionCombination] ([Id], [ProductId], [OptionId], [Value], [SortIndex]) VALUES (18, 26, 2, N'M', 1)
INSERT [dbo].[Catalog_ProductOptionCombination] ([Id], [ProductId], [OptionId], [Value], [SortIndex]) VALUES (19, 25, 1, N'Gray', 0)
INSERT [dbo].[Catalog_ProductOptionCombination] ([Id], [ProductId], [OptionId], [Value], [SortIndex]) VALUES (20, 25, 2, N'S', 1)
SET IDENTITY_INSERT [dbo].[Catalog_ProductOptionCombination] OFF 
GO
SET IDENTITY_INSERT [dbo].[Catalog_ProductOptionValue] ON 
INSERT [dbo].[Catalog_ProductOptionValue] ([Id], [OptionId], [ProductId], [Value], [DisplayType], [SortIndex]) VALUES (1, 1, 1, N'[{{"Key":"Black","Display":"#090808"}},{{"Key":"Gray","Display":"#cfd6dd"}}]', N'color', 1)
INSERT [dbo].[Catalog_ProductOptionValue] ([Id], [OptionId], [ProductId], [Value], [DisplayType], [SortIndex]) VALUES (2, 2, 1, N'[{{"Key":"M","Display":"M"}},{{"Key":"L","Display":"L"}},{{"Key":"S","Display":"S"}}]', N'text', 0)
INSERT [dbo].[Catalog_ProductOptionValue] ([Id], [OptionId], [ProductId], [Value], [DisplayType], [SortIndex]) VALUES (3, 1, 22, N'[{{"Key":"Silver","Display":"#e8e6ef"}},{{"Key":"Gray","Display":"#8c8585"}}]', N'color', 0)
INSERT [dbo].[Catalog_ProductOptionValue] ([Id], [OptionId], [ProductId], [Value], [DisplayType], [SortIndex]) VALUES (4, 2, 22, N'[{{"Key":"S","Display":null}},{{"Key":"M","Display":null}}]', N'text', 1)
SET IDENTITY_INSERT [dbo].[Catalog_ProductOptionValue] OFF 
GO
SET IDENTITY_INSERT [dbo].[Inventory_Stock] ON 
INSERT [dbo].[Inventory_Stock] ([Id], [ProductId], [WarehouseId], [Quantity], [ReservedQuantity]) VALUES (1, 2, 1, 100, 0)
INSERT [dbo].[Inventory_Stock] ([Id], [ProductId], [WarehouseId], [Quantity], [ReservedQuantity]) VALUES (2, 3, 1, 100, 0)
INSERT [dbo].[Inventory_Stock] ([Id], [ProductId], [WarehouseId], [Quantity], [ReservedQuantity]) VALUES (3, 4, 1, 100, 0)
INSERT [dbo].[Inventory_Stock] ([Id], [ProductId], [WarehouseId], [Quantity], [ReservedQuantity]) VALUES (4, 5, 1, 100, 0)
INSERT [dbo].[Inventory_Stock] ([Id], [ProductId], [WarehouseId], [Quantity], [ReservedQuantity]) VALUES (5, 6, 1, 100, 0)
INSERT [dbo].[Inventory_Stock] ([Id], [ProductId], [WarehouseId], [Quantity], [ReservedQuantity]) VALUES (6, 7, 1, 100, 0)
INSERT [dbo].[Inventory_Stock] ([Id], [ProductId], [WarehouseId], [Quantity], [ReservedQuantity]) VALUES (7, 8, 1, 100, 0)
INSERT [dbo].[Inventory_Stock] ([Id], [ProductId], [WarehouseId], [Quantity], [ReservedQuantity]) VALUES (8, 24, 1, 100, 0)
INSERT [dbo].[Inventory_Stock] ([Id], [ProductId], [WarehouseId], [Quantity], [ReservedQuantity]) VALUES (9, 23, 1, 100, 0)
INSERT [dbo].[Inventory_Stock] ([Id], [ProductId], [WarehouseId], [Quantity], [ReservedQuantity]) VALUES (10, 22, 1, 100, 0)
INSERT [dbo].[Inventory_Stock] ([Id], [ProductId], [WarehouseId], [Quantity], [ReservedQuantity]) VALUES (11, 21, 1, 100, 0)
INSERT [dbo].[Inventory_Stock] ([Id], [ProductId], [WarehouseId], [Quantity], [ReservedQuantity]) VALUES (12, 20, 1, 100, 0)
INSERT [dbo].[Inventory_Stock] ([Id], [ProductId], [WarehouseId], [Quantity], [ReservedQuantity]) VALUES (13, 19, 1, 100, 0)
INSERT [dbo].[Inventory_Stock] ([Id], [ProductId], [WarehouseId], [Quantity], [ReservedQuantity]) VALUES (14, 18, 1, 100, 0)
INSERT [dbo].[Inventory_Stock] ([Id], [ProductId], [WarehouseId], [Quantity], [ReservedQuantity]) VALUES (15, 25, 1, 100, 0)
INSERT [dbo].[Inventory_Stock] ([Id], [ProductId], [WarehouseId], [Quantity], [ReservedQuantity]) VALUES (16, 17, 1, 100, 0)
INSERT [dbo].[Inventory_Stock] ([Id], [ProductId], [WarehouseId], [Quantity], [ReservedQuantity]) VALUES (17, 15, 1, 100, 0)
INSERT [dbo].[Inventory_Stock] ([Id], [ProductId], [WarehouseId], [Quantity], [ReservedQuantity]) VALUES (18, 14, 1, 100, 0)
INSERT [dbo].[Inventory_Stock] ([Id], [ProductId], [WarehouseId], [Quantity], [ReservedQuantity]) VALUES (19, 13, 1, 100, 0)
INSERT [dbo].[Inventory_Stock] ([Id], [ProductId], [WarehouseId], [Quantity], [ReservedQuantity]) VALUES (20, 12, 1, 100, 0)
INSERT [dbo].[Inventory_Stock] ([Id], [ProductId], [WarehouseId], [Quantity], [ReservedQuantity]) VALUES (21, 11, 1, 100, 0)
INSERT [dbo].[Inventory_Stock] ([Id], [ProductId], [WarehouseId], [Quantity], [ReservedQuantity]) VALUES (22, 10, 1, 100, 0)
INSERT [dbo].[Inventory_Stock] ([Id], [ProductId], [WarehouseId], [Quantity], [ReservedQuantity]) VALUES (23, 9, 1, 100, 0)
INSERT [dbo].[Inventory_Stock] ([Id], [ProductId], [WarehouseId], [Quantity], [ReservedQuantity]) VALUES (24, 16, 1, 100, 0)
INSERT [dbo].[Inventory_Stock] ([Id], [ProductId], [WarehouseId], [Quantity], [ReservedQuantity]) VALUES (25, 26, 1, 100, 0)
SET IDENTITY_INSERT [dbo].[Inventory_Stock] OFF 
GO
SET IDENTITY_INSERT [dbo].[Catalog_ProductPriceHistory] ON 
INSERT [dbo].[Catalog_ProductPriceHistory] ([Id], [ProductId], [CreatedById], [CreatedOn], [Price], [OldPrice], [SpecialPrice], [SpecialPriceStart], [SpecialPriceEnd]) VALUES (1, 1, 10, CAST(N'2018-08-11T15:02:17.0541076+07:00' AS DateTimeOffset), CAST(58.79 AS Decimal(18, 2)), CAST(69.00 AS Decimal(18, 2)), NULL, NULL, NULL)
INSERT [dbo].[Catalog_ProductPriceHistory] ([Id], [ProductId], [CreatedById], [CreatedOn], [Price], [OldPrice], [SpecialPrice], [SpecialPriceStart], [SpecialPriceEnd]) VALUES (2, 1, 10, CAST(N'2018-08-11T15:02:17.0554587+07:00' AS DateTimeOffset), CAST(58.79 AS Decimal(18, 2)), CAST(69.00 AS Decimal(18, 2)), NULL, NULL, NULL)
INSERT [dbo].[Catalog_ProductPriceHistory] ([Id], [ProductId], [CreatedById], [CreatedOn], [Price], [OldPrice], [SpecialPrice], [SpecialPriceStart], [SpecialPriceEnd]) VALUES (3, 1, 10, CAST(N'2018-08-11T15:02:17.0554679+07:00' AS DateTimeOffset), CAST(58.79 AS Decimal(18, 2)), CAST(69.00 AS Decimal(18, 2)), NULL, NULL, NULL)
INSERT [dbo].[Catalog_ProductPriceHistory] ([Id], [ProductId], [CreatedById], [CreatedOn], [Price], [OldPrice], [SpecialPrice], [SpecialPriceStart], [SpecialPriceEnd]) VALUES (4, 1, 10, CAST(N'2018-08-11T15:02:17.0554732+07:00' AS DateTimeOffset), CAST(58.79 AS Decimal(18, 2)), CAST(69.00 AS Decimal(18, 2)), NULL, NULL, NULL)
INSERT [dbo].[Catalog_ProductPriceHistory] ([Id], [ProductId], [CreatedById], [CreatedOn], [Price], [OldPrice], [SpecialPrice], [SpecialPriceStart], [SpecialPriceEnd]) VALUES (5, 1, 10, CAST(N'2018-08-11T15:02:17.0554783+07:00' AS DateTimeOffset), CAST(58.79 AS Decimal(18, 2)), CAST(69.00 AS Decimal(18, 2)), NULL, NULL, NULL)
INSERT [dbo].[Catalog_ProductPriceHistory] ([Id], [ProductId], [CreatedById], [CreatedOn], [Price], [OldPrice], [SpecialPrice], [SpecialPriceStart], [SpecialPriceEnd]) VALUES (6, 1, 10, CAST(N'2018-08-11T15:02:17.0554862+07:00' AS DateTimeOffset), CAST(58.79 AS Decimal(18, 2)), CAST(69.00 AS Decimal(18, 2)), NULL, NULL, NULL)
INSERT [dbo].[Catalog_ProductPriceHistory] ([Id], [ProductId], [CreatedById], [CreatedOn], [Price], [OldPrice], [SpecialPrice], [SpecialPriceStart], [SpecialPriceEnd]) VALUES (7, 1, 10, CAST(N'2018-08-11T15:02:17.0560706+07:00' AS DateTimeOffset), CAST(58.79 AS Decimal(18, 2)), CAST(69.00 AS Decimal(18, 2)), NULL, NULL, NULL)
INSERT [dbo].[Catalog_ProductPriceHistory] ([Id], [ProductId], [CreatedById], [CreatedOn], [Price], [OldPrice], [SpecialPrice], [SpecialPriceStart], [SpecialPriceEnd]) VALUES (8, 8, 10, CAST(N'2018-08-11T18:14:54.9581872+07:00' AS DateTimeOffset), CAST(16.64 AS Decimal(18, 2)), NULL, NULL, NULL, NULL)
INSERT [dbo].[Catalog_ProductPriceHistory] ([Id], [ProductId], [CreatedById], [CreatedOn], [Price], [OldPrice], [SpecialPrice], [SpecialPriceStart], [SpecialPriceEnd]) VALUES (9, 9, 10, CAST(N'2018-08-11T18:16:28.3595420+07:00' AS DateTimeOffset), CAST(35.31 AS Decimal(18, 2)), NULL, NULL, NULL, NULL)
INSERT [dbo].[Catalog_ProductPriceHistory] ([Id], [ProductId], [CreatedById], [CreatedOn], [Price], [OldPrice], [SpecialPrice], [SpecialPriceStart], [SpecialPriceEnd]) VALUES (10, 10, 10, CAST(N'2018-08-11T18:17:34.0032918+07:00' AS DateTimeOffset), CAST(25.50 AS Decimal(18, 2)), NULL, NULL, NULL, NULL)
INSERT [dbo].[Catalog_ProductPriceHistory] ([Id], [ProductId], [CreatedById], [CreatedOn], [Price], [OldPrice], [SpecialPrice], [SpecialPriceStart], [SpecialPriceEnd]) VALUES (11, 11, 10, CAST(N'2018-08-11T18:18:38.8056600+07:00' AS DateTimeOffset), CAST(75.00 AS Decimal(18, 2)), NULL, NULL, NULL, NULL)
INSERT [dbo].[Catalog_ProductPriceHistory] ([Id], [ProductId], [CreatedById], [CreatedOn], [Price], [OldPrice], [SpecialPrice], [SpecialPriceStart], [SpecialPriceEnd]) VALUES (12, 12, 10, CAST(N'2018-08-11T18:20:26.0235652+07:00' AS DateTimeOffset), CAST(34.75 AS Decimal(18, 2)), NULL, NULL, NULL, NULL)
INSERT [dbo].[Catalog_ProductPriceHistory] ([Id], [ProductId], [CreatedById], [CreatedOn], [Price], [OldPrice], [SpecialPrice], [SpecialPriceStart], [SpecialPriceEnd]) VALUES (13, 13, 10, CAST(N'2018-08-11T18:22:07.9966185+07:00' AS DateTimeOffset), CAST(93.20 AS Decimal(18, 2)), NULL, NULL, NULL, NULL)
INSERT [dbo].[Catalog_ProductPriceHistory] ([Id], [ProductId], [CreatedById], [CreatedOn], [Price], [OldPrice], [SpecialPrice], [SpecialPriceStart], [SpecialPriceEnd]) VALUES (14, 14, 10, CAST(N'2018-08-11T18:23:06.0659327+07:00' AS DateTimeOffset), CAST(52.66 AS Decimal(18, 2)), NULL, NULL, NULL, NULL)
INSERT [dbo].[Catalog_ProductPriceHistory] ([Id], [ProductId], [CreatedById], [CreatedOn], [Price], [OldPrice], [SpecialPrice], [SpecialPriceStart], [SpecialPriceEnd]) VALUES (15, 15, 10, CAST(N'2018-08-11T18:24:48.0845771+07:00' AS DateTimeOffset), CAST(18.96 AS Decimal(18, 2)), NULL, NULL, NULL, NULL)
INSERT [dbo].[Catalog_ProductPriceHistory] ([Id], [ProductId], [CreatedById], [CreatedOn], [Price], [OldPrice], [SpecialPrice], [SpecialPriceStart], [SpecialPriceEnd]) VALUES (16, 16, 10, CAST(N'2018-08-11T18:26:22.7028175+07:00' AS DateTimeOffset), CAST(75.00 AS Decimal(18, 2)), NULL, NULL, NULL, NULL)
INSERT [dbo].[Catalog_ProductPriceHistory] ([Id], [ProductId], [CreatedById], [CreatedOn], [Price], [OldPrice], [SpecialPrice], [SpecialPriceStart], [SpecialPriceEnd]) VALUES (17, 17, 10, CAST(N'2018-08-11T18:27:33.7559977+07:00' AS DateTimeOffset), CAST(25.85 AS Decimal(18, 2)), NULL, NULL, NULL, NULL)
INSERT [dbo].[Catalog_ProductPriceHistory] ([Id], [ProductId], [CreatedById], [CreatedOn], [Price], [OldPrice], [SpecialPrice], [SpecialPriceStart], [SpecialPriceEnd]) VALUES (18, 18, 10, CAST(N'2018-08-11T18:28:33.4902495+07:00' AS DateTimeOffset), CAST(63.16 AS Decimal(18, 2)), NULL, NULL, NULL, NULL)
INSERT [dbo].[Catalog_ProductPriceHistory] ([Id], [ProductId], [CreatedById], [CreatedOn], [Price], [OldPrice], [SpecialPrice], [SpecialPriceStart], [SpecialPriceEnd]) VALUES (19, 19, 10, CAST(N'2018-08-11T18:29:44.3117613+07:00' AS DateTimeOffset), CAST(63.15 AS Decimal(18, 2)), NULL, NULL, NULL, NULL)
INSERT [dbo].[Catalog_ProductPriceHistory] ([Id], [ProductId], [CreatedById], [CreatedOn], [Price], [OldPrice], [SpecialPrice], [SpecialPriceStart], [SpecialPriceEnd]) VALUES (20, 20, 10, CAST(N'2018-08-11T18:30:56.2754061+07:00' AS DateTimeOffset), CAST(18.49 AS Decimal(18, 2)), NULL, NULL, NULL, NULL)
INSERT [dbo].[Catalog_ProductPriceHistory] ([Id], [ProductId], [CreatedById], [CreatedOn], [Price], [OldPrice], [SpecialPrice], [SpecialPriceStart], [SpecialPriceEnd]) VALUES (21, 21, 10, CAST(N'2018-08-11T18:32:22.4407454+07:00' AS DateTimeOffset), CAST(54.79 AS Decimal(18, 2)), NULL, NULL, NULL, NULL)
INSERT [dbo].[Catalog_ProductPriceHistory] ([Id], [ProductId], [CreatedById], [CreatedOn], [Price], [OldPrice], [SpecialPrice], [SpecialPriceStart], [SpecialPriceEnd]) VALUES (22, 22, 10, CAST(N'2018-08-11T18:33:38.3028499+07:00' AS DateTimeOffset), CAST(29.64 AS Decimal(18, 2)), CAST(39.64 AS Decimal(18, 2)), NULL, NULL, NULL)
INSERT [dbo].[Catalog_ProductPriceHistory] ([Id], [ProductId], [CreatedById], [CreatedOn], [Price], [OldPrice], [SpecialPrice], [SpecialPriceStart], [SpecialPriceEnd]) VALUES (23, 24, 10, CAST(N'2018-08-11T19:24:26.1245415+07:00' AS DateTimeOffset), CAST(29.64 AS Decimal(18, 2)), CAST(39.64 AS Decimal(18, 2)), NULL, NULL, NULL)
INSERT [dbo].[Catalog_ProductPriceHistory] ([Id], [ProductId], [CreatedById], [CreatedOn], [Price], [OldPrice], [SpecialPrice], [SpecialPriceStart], [SpecialPriceEnd]) VALUES (24, 23, 10, CAST(N'2018-08-11T19:24:26.1242459+07:00' AS DateTimeOffset), CAST(29.64 AS Decimal(18, 2)), CAST(39.64 AS Decimal(18, 2)), NULL, NULL, NULL)
INSERT [dbo].[Catalog_ProductPriceHistory] ([Id], [ProductId], [CreatedById], [CreatedOn], [Price], [OldPrice], [SpecialPrice], [SpecialPriceStart], [SpecialPriceEnd]) VALUES (25, 25, 10, CAST(N'2018-08-11T19:24:26.1245570+07:00' AS DateTimeOffset), CAST(29.64 AS Decimal(18, 2)), CAST(39.64 AS Decimal(18, 2)), NULL, NULL, NULL)
INSERT [dbo].[Catalog_ProductPriceHistory] ([Id], [ProductId], [CreatedById], [CreatedOn], [Price], [OldPrice], [SpecialPrice], [SpecialPriceStart], [SpecialPriceEnd]) VALUES (26, 26, 10, CAST(N'2018-08-11T19:24:26.1245732+07:00' AS DateTimeOffset), CAST(29.64 AS Decimal(18, 2)), CAST(39.64 AS Decimal(18, 2)), NULL, NULL, NULL)
SET IDENTITY_INSERT [dbo].[Catalog_ProductPriceHistory] OFF 
GO
SET IDENTITY_INSERT [dbo].[Cms_Page] ON 
INSERT [dbo].[Cms_Page] ([Id], [Name], [Slug], [MetaTitle], [MetaKeywords], [MetaDescription], [IsPublished], [PublishedOn], [IsDeleted], [CreatedById], [CreatedOn], [LatestUpdatedOn], [LatestUpdatedById], [Body]) VALUES (1, N'Help center', N'help-center', NULL, NULL, NULL, 1, NULL, 0, 10, CAST(N'2018-08-11T20:47:14.1027299+07:00' AS DateTimeOffset), CAST(N'2018-08-11T20:47:14.1027316+07:00' AS DateTimeOffset), 10, N'<h1>Help center</h1><p><span style="color: rgb(33, 37, 41); font-family: -apple-system, BlinkMacSystemFont, &quot;Segoe UI&quot;, Roboto, &quot;Helvetica Neue&quot;, Arial, sans-serif, &quot;Apple Color Emoji&quot;, &quot;Segoe UI Emoji&quot;, &quot;Segoe UI Symbol&quot;; font-size: 16px;">Your information. Use admin site to update</span><br></p>')
INSERT [dbo].[Cms_Page] ([Id], [Name], [Slug], [MetaTitle], [MetaKeywords], [MetaDescription], [IsPublished], [PublishedOn], [IsDeleted], [CreatedById], [CreatedOn], [LatestUpdatedOn], [LatestUpdatedById], [Body]) VALUES (2, N'About Us', N'about-us', NULL, NULL, N'', 1, NULL, 0, 10, CAST(N'2018-08-11T20:49:11.7082006+07:00' AS DateTimeOffset), CAST(N'2018-08-11T20:49:11.7082016+07:00' AS DateTimeOffset), 10, N'<h1>About Us</h1><p>Edit your information in the admin side</p>')
INSERT [dbo].[Cms_Page] ([Id], [Name], [Slug], [MetaTitle], [MetaKeywords], [MetaDescription], [IsPublished], [PublishedOn], [IsDeleted], [CreatedById], [CreatedOn], [LatestUpdatedOn], [LatestUpdatedById], [Body]) VALUES (3, N'Terms of Use', N'terms-of-use', NULL, NULL, NULL, 1, NULL, 0, 10, CAST(N'2018-08-11T20:50:11.5637211+07:00' AS DateTimeOffset), CAST(N'2018-08-11T20:50:11.5637220+07:00' AS DateTimeOffset), 10, N'<h1>Term and Conditions</h1><p>Your term and conditions. Use admin site to update.<br></p>')
SET IDENTITY_INSERT [dbo].[Cms_Page] OFF 
GO
SET IDENTITY_INSERT [dbo].[Core_WidgetInstance] ON 
INSERT [dbo].[Core_WidgetInstance] ([Id], [Name], [CreatedOn], [LatestUpdatedOn], [PublishStart], [PublishEnd], [WidgetId], [WidgetZoneId], [DisplayOrder], [Data], [HtmlData]) VALUES (1, N'Home Featured', CAST(N'2018-08-11T06:57:30.6053643+07:00' AS DateTimeOffset), CAST(N'2018-08-11T06:57:30.6054847+07:00' AS DateTimeOffset), CAST(N'2018-08-10T23:53:17.2780000+00:00' AS DateTimeOffset), NULL, N'CarouselWidget', 1, 0, N'[{{"Image":"88604574-f0a3-4982-9b0d-f8a7558dd3ba.jpg","ImageUrl":null,"Caption":"NEW SEASON","SubCaption":"Women Collection 2018","LinkText":"Shop Now","TargetUrl":"/woman"}},{{"Image":"a5904343-189d-469b-a93b-d553c109b781.jpg","ImageUrl":null,"Caption":"Jackets & Coats","SubCaption":"Men New-Season","LinkText":"Shop Now","TargetUrl":"/man"}},{{"Image":"83c21bb9-2f0d-446a-bb0c-3b19e6d922aa.jpg","ImageUrl":null,"Caption":"New arrivals","SubCaption":"Men Collection 2018","LinkText":"Shop Now","TargetUrl":"/man"}}]', NULL)
INSERT [dbo].[Core_WidgetInstance] ([Id], [Name], [CreatedOn], [LatestUpdatedOn], [PublishStart], [PublishEnd], [WidgetId], [WidgetZoneId], [DisplayOrder], [Data], [HtmlData]) VALUES (2, N'New products', CAST(N'2018-08-11T15:05:18.2330286+07:00' AS DateTimeOffset), CAST(N'2018-08-11T15:05:18.2331945+07:00' AS DateTimeOffset), CAST(N'2018-08-11T08:04:35.8680000+00:00' AS DateTimeOffset), NULL, N'ProductWidget', 2, 0, N'{{"NumberOfProducts":4,"CategoryId":null,"OrderBy":"Newest","FeaturedOnly":false}}', NULL)
INSERT [dbo].[Core_WidgetInstance] ([Id], [Name], [CreatedOn], [LatestUpdatedOn], [PublishStart], [PublishEnd], [WidgetId], [WidgetZoneId], [DisplayOrder], [Data], [HtmlData]) VALUES (6, N'Man collection', CAST(N'2018-09-06T07:50:22.6521628+07:00' AS DateTimeOffset), CAST(N'2018-09-06T07:50:22.6521650+07:00' AS DateTimeOffset), CAST(N'2018-09-06T00:50:11.8940000+00:00' AS DateTimeOffset), NULL, N'ProductWidget', 2, 0, N'{{"NumberOfProducts":4,"CategoryId":2,"OrderBy":"Newest","FeaturedOnly":false}}', NULL)
INSERT [dbo].[Core_WidgetInstance] ([Id], [Name], [CreatedOn], [LatestUpdatedOn], [PublishStart], [PublishEnd], [WidgetId], [WidgetZoneId], [DisplayOrder], [Data], [HtmlData]) VALUES (7, N'Woman collection', CAST(N'2018-09-06T07:50:37.6019466+07:00' AS DateTimeOffset), CAST(N'2018-09-06T07:50:37.6019479+07:00' AS DateTimeOffset), CAST(N'2018-09-06T00:50:26.2900000+00:00' AS DateTimeOffset), NULL, N'ProductWidget', 2, 0, N'{{"NumberOfProducts":4,"CategoryId":1,"OrderBy":"Newest","FeaturedOnly":false}}', NULL)
SET IDENTITY_INSERT [dbo].[Core_WidgetInstance] OFF 
GO
SET IDENTITY_INSERT [dbo].[Inventory_StockHistory] ON 
INSERT [dbo].[Inventory_StockHistory] ([Id], [ProductId], [WarehouseId], [CreatedOn], [CreatedById], [AdjustedQuantity], [Note]) VALUES (1, 7, 1, CAST(N'2018-08-11T15:03:25.9597942+07:00' AS DateTimeOffset), 10, 100, NULL)
INSERT [dbo].[Inventory_StockHistory] ([Id], [ProductId], [WarehouseId], [CreatedOn], [CreatedById], [AdjustedQuantity], [Note]) VALUES (2, 6, 1, CAST(N'2018-08-11T15:03:25.9866400+07:00' AS DateTimeOffset), 10, 100, NULL)
INSERT [dbo].[Inventory_StockHistory] ([Id], [ProductId], [WarehouseId], [CreatedOn], [CreatedById], [AdjustedQuantity], [Note]) VALUES (3, 5, 1, CAST(N'2018-08-11T15:03:25.9920796+07:00' AS DateTimeOffset), 10, 100, NULL)
INSERT [dbo].[Inventory_StockHistory] ([Id], [ProductId], [WarehouseId], [CreatedOn], [CreatedById], [AdjustedQuantity], [Note]) VALUES (4, 4, 1, CAST(N'2018-08-11T15:03:25.9973684+07:00' AS DateTimeOffset), 10, 100, NULL)
INSERT [dbo].[Inventory_StockHistory] ([Id], [ProductId], [WarehouseId], [CreatedOn], [CreatedById], [AdjustedQuantity], [Note]) VALUES (5, 3, 1, CAST(N'2018-08-11T15:03:26.0034946+07:00' AS DateTimeOffset), 10, 100, NULL)
INSERT [dbo].[Inventory_StockHistory] ([Id], [ProductId], [WarehouseId], [CreatedOn], [CreatedById], [AdjustedQuantity], [Note]) VALUES (6, 2, 1, CAST(N'2018-08-11T15:03:26.0091053+07:00' AS DateTimeOffset), 10, 100, NULL)
INSERT [dbo].[Inventory_StockHistory] ([Id], [ProductId], [WarehouseId], [CreatedOn], [CreatedById], [AdjustedQuantity], [Note]) VALUES (7, 26, 1, CAST(N'2018-08-11T21:20:52.1609725+07:00' AS DateTimeOffset), 10, 100, NULL)
INSERT [dbo].[Inventory_StockHistory] ([Id], [ProductId], [WarehouseId], [CreatedOn], [CreatedById], [AdjustedQuantity], [Note]) VALUES (8, 16, 1, CAST(N'2018-08-11T21:20:52.1902238+07:00' AS DateTimeOffset), 10, 100, NULL)
INSERT [dbo].[Inventory_StockHistory] ([Id], [ProductId], [WarehouseId], [CreatedOn], [CreatedById], [AdjustedQuantity], [Note]) VALUES (9, 9, 1, CAST(N'2018-08-11T21:20:52.1954335+07:00' AS DateTimeOffset), 10, 100, NULL)
INSERT [dbo].[Inventory_StockHistory] ([Id], [ProductId], [WarehouseId], [CreatedOn], [CreatedById], [AdjustedQuantity], [Note]) VALUES (10, 10, 1, CAST(N'2018-08-11T21:20:52.2005929+07:00' AS DateTimeOffset), 10, 100, NULL)
INSERT [dbo].[Inventory_StockHistory] ([Id], [ProductId], [WarehouseId], [CreatedOn], [CreatedById], [AdjustedQuantity], [Note]) VALUES (11, 11, 1, CAST(N'2018-08-11T21:20:52.2059812+07:00' AS DateTimeOffset), 10, 100, NULL)
INSERT [dbo].[Inventory_StockHistory] ([Id], [ProductId], [WarehouseId], [CreatedOn], [CreatedById], [AdjustedQuantity], [Note]) VALUES (12, 12, 1, CAST(N'2018-08-11T21:20:52.2111554+07:00' AS DateTimeOffset), 10, 100, NULL)
INSERT [dbo].[Inventory_StockHistory] ([Id], [ProductId], [WarehouseId], [CreatedOn], [CreatedById], [AdjustedQuantity], [Note]) VALUES (13, 13, 1, CAST(N'2018-08-11T21:20:52.2164212+07:00' AS DateTimeOffset), 10, 100, NULL)
INSERT [dbo].[Inventory_StockHistory] ([Id], [ProductId], [WarehouseId], [CreatedOn], [CreatedById], [AdjustedQuantity], [Note]) VALUES (14, 14, 1, CAST(N'2018-08-11T21:20:52.2219702+07:00' AS DateTimeOffset), 10, 100, NULL)
INSERT [dbo].[Inventory_StockHistory] ([Id], [ProductId], [WarehouseId], [CreatedOn], [CreatedById], [AdjustedQuantity], [Note]) VALUES (15, 15, 1, CAST(N'2018-08-11T21:20:52.2276720+07:00' AS DateTimeOffset), 10, 100, NULL)
INSERT [dbo].[Inventory_StockHistory] ([Id], [ProductId], [WarehouseId], [CreatedOn], [CreatedById], [AdjustedQuantity], [Note]) VALUES (16, 17, 1, CAST(N'2018-08-11T21:20:52.2340966+07:00' AS DateTimeOffset), 10, 100, NULL)
INSERT [dbo].[Inventory_StockHistory] ([Id], [ProductId], [WarehouseId], [CreatedOn], [CreatedById], [AdjustedQuantity], [Note]) VALUES (17, 25, 1, CAST(N'2018-08-11T21:20:52.2416871+07:00' AS DateTimeOffset), 10, 100, NULL)
INSERT [dbo].[Inventory_StockHistory] ([Id], [ProductId], [WarehouseId], [CreatedOn], [CreatedById], [AdjustedQuantity], [Note]) VALUES (18, 18, 1, CAST(N'2018-08-11T21:20:52.2503225+07:00' AS DateTimeOffset), 10, 100, NULL)
INSERT [dbo].[Inventory_StockHistory] ([Id], [ProductId], [WarehouseId], [CreatedOn], [CreatedById], [AdjustedQuantity], [Note]) VALUES (19, 19, 1, CAST(N'2018-08-11T21:20:52.2567163+07:00' AS DateTimeOffset), 10, 100, NULL)
INSERT [dbo].[Inventory_StockHistory] ([Id], [ProductId], [WarehouseId], [CreatedOn], [CreatedById], [AdjustedQuantity], [Note]) VALUES (20, 20, 1, CAST(N'2018-08-11T21:20:52.2655516+07:00' AS DateTimeOffset), 10, 100, NULL)
INSERT [dbo].[Inventory_StockHistory] ([Id], [ProductId], [WarehouseId], [CreatedOn], [CreatedById], [AdjustedQuantity], [Note]) VALUES (21, 21, 1, CAST(N'2018-08-11T21:20:52.2718544+07:00' AS DateTimeOffset), 10, 100, NULL)
INSERT [dbo].[Inventory_StockHistory] ([Id], [ProductId], [WarehouseId], [CreatedOn], [CreatedById], [AdjustedQuantity], [Note]) VALUES (22, 22, 1, CAST(N'2018-08-11T21:20:52.2782942+07:00' AS DateTimeOffset), 10, 100, NULL)
INSERT [dbo].[Inventory_StockHistory] ([Id], [ProductId], [WarehouseId], [CreatedOn], [CreatedById], [AdjustedQuantity], [Note]) VALUES (23, 23, 1, CAST(N'2018-08-11T21:20:52.2871106+07:00' AS DateTimeOffset), 10, 100, NULL)
INSERT [dbo].[Inventory_StockHistory] ([Id], [ProductId], [WarehouseId], [CreatedOn], [CreatedById], [AdjustedQuantity], [Note]) VALUES (24, 24, 1, CAST(N'2018-08-11T21:20:52.2956470+07:00' AS DateTimeOffset), 10, 100, NULL)
INSERT [dbo].[Inventory_StockHistory] ([Id], [ProductId], [WarehouseId], [CreatedOn], [CreatedById], [AdjustedQuantity], [Note]) VALUES (25, 8, 1, CAST(N'2018-08-11T21:20:52.3045421+07:00' AS DateTimeOffset), 10, 100, NULL)
SET IDENTITY_INSERT [dbo].[Inventory_StockHistory] OFF 
GO
SET IDENTITY_INSERT [dbo].[Reviews_Review] ON 
INSERT [dbo].[Reviews_Review] ([Id], [UserId], [Title], [Comment], [Rating], [ReviewerName], [Status], [CreatedOn], [EntityTypeId], [EntityId]) VALUES (1, 10, N'Good', N'very good', 5, N'very good', 5, CAST(N'2018-08-11T19:20:55.4863839+07:00' AS DateTimeOffset), N'Product', 20)
INSERT [dbo].[Reviews_Review] ([Id], [UserId], [Title], [Comment], [Rating], [ReviewerName], [Status], [CreatedOn], [EntityTypeId], [EntityId]) VALUES (2, 10, N'excellent', N'very good', 5, N'Thien', 5, CAST(N'2018-08-11T20:43:11.1216762+07:00' AS DateTimeOffset), N'Product', 22)
SET IDENTITY_INSERT [dbo].[Reviews_Review] OFF 
GO
