INSERT INTO "Core_AppSetting" ("Id", "Key", "Value") VALUES (1, 'Catalog.ProductPageSize', '10');
INSERT INTO "Core_AppSetting" ("Id", "Key", "Value") VALUES (2, 'Global.AssetVersion', '1.0');
SELECT pg_catalog.setval('"Core_AppSetting_Id_seq"', 2, true);

INSERT INTO "Core_Role" ("Id", "ConcurrencyStamp", "Name", "NormalizedName") VALUES (1, 'bd3bee0b-5f1d-482d-b890-ffdc01915da3', 'admin', 'ADMIN');
INSERT INTO "Core_Role" ("Id", "ConcurrencyStamp", "Name", "NormalizedName") VALUES (2, 'bd3bee0b-5f1d-482d-b890-ffdc01915da3', 'customer', 'CUSTOMER');
INSERT INTO "Core_Role" ("Id", "ConcurrencyStamp", "Name", "NormalizedName") VALUES (3, 'bd3bee0b-5f1d-482d-b890-ffdc01915da3', 'guest', 'GUEST');
INSERT INTO "Core_Role" ("Id", "ConcurrencyStamp", "Name", "NormalizedName") VALUES (4, 'bd3bee0b-5f1d-482d-b890-ffdc01915da3', 'vendor', 'VENDOR');
SELECT pg_catalog.setval('"Core_Role_Id_seq"', 3, true);

INSERT INTO "Core_User" ("Id", "UserGuid", "AccessFailedCount", "ConcurrencyStamp", "CreatedOn", "Email", "EmailConfirmed", "FullName", "IsDeleted", "LockoutEnabled", "LockoutEnd", "NormalizedEmail", "NormalizedUserName", "PasswordHash", "PhoneNumber", "PhoneNumberConfirmed", "SecurityStamp", "TwoFactorEnabled", "UpdatedOn", "UserName") VALUES (1, '1FFF10CE-0231-43A2-8B7D-C8DB18504F65', 0, '8620916f-e6b6-4f12-9041-83737154b338', '2016-05-20 16:50:05.707655', 'admin@simplcommerce.com', false, 'Shop Admin', false, true, NULL, 'ADMIN@SIMPLCOMMERCE.COM', 'ADMIN@SIMPLCOMMERCE.COM', 'AQAAAAEAACcQAAAAEAEqSCV8Bpg69irmeg8N86U503jGEAYf75fBuzvL00/mr/FGEsiUqfR0rWBbBUwqtw==', NULL, false, '9e87ce89-64c0-45b9-8b52-6e0eaa79e5b7', false, '2016-05-20 16:50:05.707655', 'admin@simplcommerce.com');
SELECT pg_catalog.setval('"Core_User_Id_seq"', 1, true);

INSERT INTO "Core_UserRole" ("UserId", "RoleId") VALUES (1, 1);

INSERT INTO "Core_EntityType" ("Id", "Name", "RoutingController", "RoutingAction") VALUES (1, 'Category', 'Category', 'CategoryDetail');
INSERT INTO "Core_EntityType" ("Id", "Name", "RoutingController", "RoutingAction") VALUES (2, 'Brand', 'Brand', 'BrandDetail');
INSERT INTO "Core_EntityType" ("Id", "Name", "RoutingController", "RoutingAction") VALUES (3, 'Product', 'Product', 'ProductDetail');
INSERT INTO "Core_EntityType" ("Id", "Name", "RoutingController", "RoutingAction") VALUES (4, 'Page', 'Page', 'PageDetail');
INSERT INTO "Core_EntityType" ("Id", "Name", "RoutingController", "RoutingAction") VALUES (5, 'Vendor', 'Vendor', 'VendorDetail');
SELECT pg_catalog.setval('"Core_EntityType_Id_seq"', 5, true);

INSERT INTO "ActivityLog_ActivityType" ("Id", "Name") VALUES (1, 'ProductView');
SELECT pg_catalog.setval('"ActivityLog_ActivityType_Id_seq"', 1, true);

INSERT INTO "Core_Widget" ("Id", "Code", "CreateUrl", "CreatedOn", "EditUrl", "IsPublished", "Name", "ViewComponentName") VALUES (1, 'CarouselWidget', 'widget-carousel-create', '2016-06-19 00:00:00', 'widget-carousel-edit', true, 'Carousel Widget', 'CarouselWidget');
INSERT INTO "Core_Widget" ("Id", "Code", "CreateUrl", "CreatedOn", "EditUrl", "IsPublished", "Name", "ViewComponentName") VALUES (2, 'HtmlWidget', 'widget-html-create', '2016-06-24 00:00:00', 'widget-html-edit', true, 'Html Widget', 'HtmlWidget');
INSERT INTO "Core_Widget" ("Id", "Code", "CreateUrl", "CreatedOn", "EditUrl", "IsPublished", "Name", "ViewComponentName") VALUES (3, 'ProductWidget', 'widget-product-create', '2016-06-24 00:00:00', 'widget-product-edit', true, 'Product Widget', 'ProductWidget');
SELECT pg_catalog.setval('"Core_Widget_Id_seq"', 3, true);

INSERT INTO "Core_WidgetZone" ("Id", "Description", "Name") VALUES (1, NULL, 'Home Featured');
INSERT INTO "Core_WidgetZone" ("Id", "Description", "Name") VALUES (2, NULL, 'Home Main Content');
INSERT INTO "Core_WidgetZone" ("Id", "Description", "Name") VALUES (3, NULL, 'Home After Main Content');
SELECT pg_catalog.setval('"Core_WidgetZone_Id_seq"', 3, true);

INSERT INTO "Catalog_ProductOption" ("Id", "Name") VALUES (1, 'Color');
INSERT INTO "Catalog_ProductOption" ("Id", "Name") VALUES (2, 'Size');
SELECT pg_catalog.setval('"Catalog_ProductOption_Id_seq"', 2, true);

INSERT INTO "Core_Country" ("Id", "Name") VALUES (1, 'Việt Nam');

INSERT INTO "Core_StateOrProvince" ("Id", "CountryId", "Name", "Type") VALUES (79, 1, 'Hồ Chí Minh', 'Thành Phố');

INSERT INTO "Core_District" ("Id", "Location", "Name", "StateOrProvinceId", "Type") VALUES (1, NULL, 'Quận 1', 79, NULL);
INSERT INTO "Core_District" ("Id", "Location", "Name", "StateOrProvinceId", "Type") VALUES (2, NULL, 'Quận 2', 79, NULL);
INSERT INTO "Core_District" ("Id", "Location", "Name", "StateOrProvinceId", "Type") VALUES (3, NULL, 'Quận 3', 79, NULL);
INSERT INTO "Core_District" ("Id", "Location", "Name", "StateOrProvinceId", "Type") VALUES (4, NULL, 'Quận 4', 79, NULL);
INSERT INTO "Core_District" ("Id", "Location", "Name", "StateOrProvinceId", "Type") VALUES (5, NULL, 'Quận 5', 79, NULL);
INSERT INTO "Core_District" ("Id", "Location", "Name", "StateOrProvinceId", "Type") VALUES (6, NULL, 'Quận 6', 79, NULL);
INSERT INTO "Core_District" ("Id", "Location", "Name", "StateOrProvinceId", "Type") VALUES (7, NULL, 'Quận 7', 79, NULL);
INSERT INTO "Core_District" ("Id", "Location", "Name", "StateOrProvinceId", "Type") VALUES (8, NULL, 'Quận 8', 79, NULL);
INSERT INTO "Core_District" ("Id", "Location", "Name", "StateOrProvinceId", "Type") VALUES (9, NULL, 'Quận 9', 79, NULL);
INSERT INTO "Core_District" ("Id", "Location", "Name", "StateOrProvinceId", "Type") VALUES (10, NULL, 'Quận 10', 79, NULL);
INSERT INTO "Core_District" ("Id", "Location", "Name", "StateOrProvinceId", "Type") VALUES (11, NULL, 'Quận 11', 79, NULL);
INSERT INTO "Core_District" ("Id", "Location", "Name", "StateOrProvinceId", "Type") VALUES (12, NULL, 'Quận 12', 79, NULL);
INSERT INTO "Core_District" ("Id", "Location", "Name", "StateOrProvinceId", "Type") VALUES (13, NULL, 'Thủ Đức', 79, NULL);
INSERT INTO "Core_District" ("Id", "Location", "Name", "StateOrProvinceId", "Type") VALUES (14, NULL, 'Gò Vấp', 79, NULL);
INSERT INTO "Core_District" ("Id", "Location", "Name", "StateOrProvinceId", "Type") VALUES (15, NULL, 'Bình Thạnh', 79, NULL);
INSERT INTO "Core_District" ("Id", "Location", "Name", "StateOrProvinceId", "Type") VALUES (16, NULL, 'Tân Bình', 79, NULL);
INSERT INTO "Core_District" ("Id", "Location", "Name", "StateOrProvinceId", "Type") VALUES (17, NULL, 'Tân Phú', 79, NULL);
INSERT INTO "Core_District" ("Id", "Location", "Name", "StateOrProvinceId", "Type") VALUES (18, NULL, 'Phú Nhuận', 79, NULL);
INSERT INTO "Core_District" ("Id", "Location", "Name", "StateOrProvinceId", "Type") VALUES (19, NULL, 'Bình Chánh', 79, NULL);

INSERT INTO "Localization_Culture" ("Id", "Name") VALUES (1, 'vi-VN');
INSERT INTO "Localization_Culture" ("Id", "Name") VALUES (2, 'fr-FR');
INSERT INTO "Localization_Culture" ("Id", "Name") VALUES (3, 'pt-BR');
INSERT INTO "Localization_Culture" ("Id", "Name") VALUES (4, 'uk-UA');
INSERT INTO "Localization_Culture" ("Id", "Name") VALUES (5, 'ru-RU');
INSERT INTO "Localization_Culture" ("Id", "Name") VALUES (6, 'ar-TN');
INSERT INTO "Localization_Culture" ("Id", "Name") VALUES (7, 'kr-KR');

INSERT INTO "Localization_Resource" ("CultureId", "Key", "Value") VALUES (1, 'Register', 'Đăng ký');
INSERT INTO "Localization_Resource" ("CultureId", "Key", "Value") VALUES (1, 'Hello {0}!', 'Chào {0}!');
INSERT INTO "Localization_Resource" ("CultureId", "Key", "Value") VALUES (1, 'Log in', 'Đăng nhập');
INSERT INTO "Localization_Resource" ("CultureId", "Key", "Value") VALUES (1, 'Log off', 'Đăng xuất');
INSERT INTO "Localization_Resource" ("CultureId", "Key", "Value") VALUES (1, 'The Email field is required.', 'Địa chỉ email cần phải có ');
INSERT INTO "Localization_Resource" ("CultureId", "Key", "Value") VALUES (1, 'Email', 'Địa chỉ email');
INSERT INTO "Localization_Resource" ("CultureId", "Key", "Value") VALUES (1, 'User List', 'Danh sách người dùng');
INSERT INTO "Localization_Resource" ("CultureId", "Key", "Value") VALUES (1, 'Remember me?', 'Ghi nhớ?');
INSERT INTO "Localization_Resource" ("CultureId", "Key", "Value") VALUES (1, 'Password', 'Mật khẩu');
INSERT INTO "Localization_Resource" ("CultureId", "Key", "Value") VALUES (1, 'Use a local account to log in.', 'Sử dụng tài khoản của bạn để đăng nhập');
INSERT INTO "Localization_Resource" ("CultureId", "Key", "Value") VALUES (1, 'Register as a new user?', 'Đăng ký người dùng mới');
INSERT INTO "Localization_Resource" ("CultureId", "Key", "Value") VALUES (1, 'Forgot your password?', 'Quên mật khẩu');
INSERT INTO "Localization_Resource" ("CultureId", "Key", "Value") VALUES (1, 'Use another service to log in.', 'Đăng nhập bằng các tài khoản khác');
INSERT INTO "Localization_Resource" ("CultureId", "Key", "Value") VALUES (1, 'Full name', 'Họ và tên');
INSERT INTO "Localization_Resource" ("CultureId", "Key", "Value") VALUES (1, 'Confirm password', 'Xác nhận mật khẩu');
INSERT INTO "Localization_Resource" ("CultureId", "Key", "Value") VALUES (1, 'Create a new account.', 'Tạo tài khoản mới.');
INSERT INTO "Localization_Resource" ("CultureId", "Key", "Value") VALUES (1, 'All', 'Tất cả');
INSERT INTO "Localization_Resource" ("CultureId", "Key", "Value") VALUES (1, 'Home', 'Trang chủ');
INSERT INTO "Localization_Resource" ("CultureId", "Key", "Value") VALUES (1, 'Add to cart', 'Thêm vào giỏ hàng');
INSERT INTO "Localization_Resource" ("CultureId", "Key", "Value") VALUES (1, 'Product detail', 'Mô tả sản phẩm');
INSERT INTO "Localization_Resource" ("CultureId", "Key", "Value") VALUES (1, 'Product specification', 'Thông số kỹ thuật');
INSERT INTO "Localization_Resource" ("CultureId", "Key", "Value") VALUES (1, 'Rate this product', 'Đánh giá sản phẩm này');
INSERT INTO "Localization_Resource" ("CultureId", "Key", "Value") VALUES (1, 'Review comment', 'Mô tả đánh giá');
INSERT INTO "Localization_Resource" ("CultureId", "Key", "Value") VALUES (1, 'Review title', 'Tiêu đề đánh giá');
INSERT INTO "Localization_Resource" ("CultureId", "Key", "Value") VALUES (1, 'Posted by', 'Đánh giá bởi');
INSERT INTO "Localization_Resource" ("CultureId", "Key", "Value") VALUES (1, 'Submit review', 'Gửi đánh giá');
INSERT INTO "Localization_Resource" ("CultureId", "Key", "Value") VALUES (1, 'You have', 'Bạn có');
INSERT INTO "Localization_Resource" ("CultureId", "Key", "Value") VALUES (1, 'products in your cart', 'sản phẩm trong giỏ hàng');
INSERT INTO "Localization_Resource" ("CultureId", "Key", "Value") VALUES (1, 'Continue shopping', 'Tiếp tục mua sắm');
INSERT INTO "Localization_Resource" ("CultureId", "Key", "Value") VALUES (1, 'View cart', 'Xem giỏ hàng');
INSERT INTO "Localization_Resource" ("CultureId", "Key", "Value") VALUES (1, 'The product has been added to your cart', 'Sản phẩm đã được thêm vào giỏ hàng');
INSERT INTO "Localization_Resource" ("CultureId", "Key", "Value") VALUES (1, 'Cart subtotal', 'Thành tiền');
INSERT INTO "Localization_Resource" ("CultureId", "Key", "Value") VALUES (1, 'Shopping Cart', 'Giỏ hàng');
INSERT INTO "Localization_Resource" ("CultureId", "Key", "Value") VALUES (1, 'Product', 'Sản phẩm');
INSERT INTO "Localization_Resource" ("CultureId", "Key", "Value") VALUES (1, 'Price', 'Giá');
INSERT INTO "Localization_Resource" ("CultureId", "Key", "Value") VALUES (1, 'Quantity', 'Số lượng');
INSERT INTO "Localization_Resource" ("CultureId", "Key", "Value") VALUES (1, 'There are no items in this cart.', 'Chưa có sản phẩm nào trong giỏ hàng của bạn');
INSERT INTO "Localization_Resource" ("CultureId", "Key", "Value") VALUES (1, 'Go to shopping', 'Đi mua sắm');
INSERT INTO "Localization_Resource" ("CultureId", "Key", "Value") VALUES (1, 'Order summary', 'Tóm lược đơn hàng');
INSERT INTO "Localization_Resource" ("CultureId", "Key", "Value") VALUES (1, 'Subtotal', 'Thành tiền');
INSERT INTO "Localization_Resource" ("CultureId", "Key", "Value") VALUES (1, 'Process to Checkout', 'Tiến hành thanh toán');
INSERT INTO "Localization_Resource" ("CultureId", "Key", "Value") VALUES (1, 'Shipping address', 'Địa chỉ giao hàng');
INSERT INTO "Localization_Resource" ("CultureId", "Key", "Value") VALUES (1, 'Add another address', 'Thêm địa chỉ mới');
INSERT INTO "Localization_Resource" ("CultureId", "Key", "Value") VALUES (1, 'Contact name', 'Tên người liên hệ');
INSERT INTO "Localization_Resource" ("CultureId", "Key", "Value") VALUES (1, 'Address', 'Địa chỉ');
INSERT INTO "Localization_Resource" ("CultureId", "Key", "Value") VALUES (1, 'State or Province', 'Thành phố / Tỉnh');
INSERT INTO "Localization_Resource" ("CultureId", "Key", "Value") VALUES (1, 'District', 'Quận / Huyện');
INSERT INTO "Localization_Resource" ("CultureId", "Key", "Value") VALUES (1, 'Phone', 'Số điện thoại');
INSERT INTO "Localization_Resource" ("CultureId", "Key", "Value") VALUES (1, 'Order', 'Đặt hàng');
INSERT INTO "Localization_Resource" ("CultureId", "Key", "Value") VALUES (1, 'products', 'sản phẩm');
INSERT INTO "Localization_Resource" ("CultureId", "Key", "Value") VALUES (1, 'reviews', 'nhận xét');
INSERT INTO "Localization_Resource" ("CultureId", "Key", "Value") VALUES (1, 'Add Review', 'Viết nhận xét');
INSERT INTO "Localization_Resource" ("CultureId", "Key", "Value") VALUES (1, 'Customer reviews', 'Nhận xét của khách hàng');
INSERT INTO "Localization_Resource" ("CultureId", "Key", "Value") VALUES (1, 'Your review will be showed within the next 24h.', 'Nhận xét của bạn sẽ được hiển thị trong vòng 24 tiếng');
INSERT INTO "Localization_Resource" ("CultureId", "Key", "Value") VALUES (1, 'Thank you {0} for your review', 'Cảm ơn {0} đã gửi nhận xét');
INSERT INTO "Localization_Resource" ("CultureId", "Key", "Value") VALUES (1, 'Rating average', 'Đánh giá trung bình');
INSERT INTO "Localization_Resource" ("CultureId", "Key", "Value") VALUES (1, 'stars', 'sao');
INSERT INTO "Localization_Resource" ("CultureId", "Key", "Value") VALUES (1, 'Filter by', 'Tìm theo');
INSERT INTO "Localization_Resource" ("CultureId", "Key", "Value") VALUES (1, 'Category', 'Danh mục');
INSERT INTO "Localization_Resource" ("CultureId", "Key", "Value") VALUES (1, 'Brand', 'Nhãn hiệu');
INSERT INTO "Localization_Resource" ("CultureId", "Key", "Value") VALUES (1, 'Sort by:', 'Sắp xếp theo:');
INSERT INTO "Localization_Resource" ("CultureId", "Key", "Value") VALUES (1, 'results', 'kết quả');
INSERT INTO "Localization_Resource" ("CultureId", "Key", "Value") VALUES (1, 'View options', 'Xem các tùy chọn');
INSERT INTO "Localization_Resource" ("CultureId", "Key", "Value") VALUES (1, 'Associate your {0} account.', 'Liên kết với tài khoản {0} của bạn');
INSERT INTO "Localization_Resource" ("CultureId", "Key", "Value") VALUES (1, 'Users', 'Người dùng');
INSERT INTO "Localization_Resource" ("CultureId", "Key", "Value") VALUES (1, 'Vendors', 'Người bán');
INSERT INTO "Localization_Resource" ("CultureId", "Key", "Value") VALUES (1, 'Reviews', 'Đánh giá');
INSERT INTO "Localization_Resource" ("CultureId", "Key", "Value") VALUES (1, 'Products', 'Sản phẩm');
INSERT INTO "Localization_Resource" ("CultureId", "Key", "Value") VALUES (1, 'Categories', 'Danh mục');
INSERT INTO "Localization_Resource" ("CultureId", "Key", "Value") VALUES (1, 'Brands', 'Nhãn hiệu');
INSERT INTO "Localization_Resource" ("CultureId", "Key", "Value") VALUES (1, 'Product Options', 'Tùy chọn sản phẩm');
INSERT INTO "Localization_Resource" ("CultureId", "Key", "Value") VALUES (1, 'Product Attribute', 'Thuộc tính sản phẩm');
INSERT INTO "Localization_Resource" ("CultureId", "Key", "Value") VALUES (1, 'Product Attribute Groups', 'Nhóm thuộc tính sản phẩm');
INSERT INTO "Localization_Resource" ("CultureId", "Key", "Value") VALUES (1, 'Product Templates', 'Mẫu sản phẩm');
INSERT INTO "Localization_Resource" ("CultureId", "Key", "Value") VALUES (1, 'Sales', 'Bán hàng');
INSERT INTO "Localization_Resource" ("CultureId", "Key", "Value") VALUES (1, 'Orders', 'Đơn hàng');
INSERT INTO "Localization_Resource" ("CultureId", "Key", "Value") VALUES (1, 'Content Management', 'Quán lý nội dung');
INSERT INTO "Localization_Resource" ("CultureId", "Key", "Value") VALUES (1, 'Pages', 'Trang');
INSERT INTO "Localization_Resource" ("CultureId", "Key", "Value") VALUES (1, 'Widgets', 'Widgets');
INSERT INTO "Localization_Resource" ("CultureId", "Key", "Value") VALUES (1, 'System', 'Hệ thống');
INSERT INTO "Localization_Resource" ("CultureId", "Key", "Value") VALUES (1, 'Configuration', 'Cấu hình');
INSERT INTO "Localization_Resource" ("CultureId", "Key", "Value") VALUES (1, 'Translations', 'Translations');
INSERT INTO "Localization_Resource" ("CultureId", "Key", "Value") VALUES (1, 'Dashboard', 'Dashboard');
INSERT INTO "Localization_Resource" ("CultureId", "Key", "Value") VALUES (1, 'Incomplete orders', 'Đơn hàng chưa xong');
INSERT INTO "Localization_Resource" ("CultureId", "Key", "Value") VALUES (1, 'Pending reviews', 'Đánh giá đang chờ duyệt');
INSERT INTO "Localization_Resource" ("CultureId", "Key", "Value") VALUES (1, 'Most search keywords', 'Từ khóa được tìm kiếm nhiều nhất');
INSERT INTO "Localization_Resource" ("CultureId", "Key", "Value") VALUES (1, 'Most viewed products', 'Sản phẩm được xem nhiều nhất');
INSERT INTO "Localization_Resource" ("CultureId", "Key", "Value") VALUES (1, 'OrderId', 'Số đơn hàng');
INSERT INTO "Localization_Resource" ("CultureId", "Key", "Value") VALUES (1, 'Order Status', 'Trạng thái đơn hàng');
INSERT INTO "Localization_Resource" ("CultureId", "Key", "Value") VALUES (1, 'Customer', 'Khách hàng');
INSERT INTO "Localization_Resource" ("CultureId", "Key", "Value") VALUES (1, 'Created On', 'Ngày tạo');
INSERT INTO "Localization_Resource" ("CultureId", "Key", "Value") VALUES (1, 'SubTotal', 'Tổng tiền');
INSERT INTO "Localization_Resource" ("CultureId", "Key", "Value") VALUES (1, 'Actions', 'Hành động');
INSERT INTO "Localization_Resource" ("CultureId", "Key", "Value") VALUES (1, 'Site', 'Site');
INSERT INTO "Localization_Resource" ("CultureId", "Key", "Value") VALUES (1, 'Catalog', 'Quản lý sản phẩm');
INSERT INTO "Localization_Resource" ("CultureId", "Key", "Value") VALUES (1, 'Title', 'Tiêu đề');
INSERT INTO "Localization_Resource" ("CultureId", "Key", "Value") VALUES (1, 'Comment', 'Bình luận');
INSERT INTO "Localization_Resource" ("CultureId", "Key", "Value") VALUES (1, 'Status', 'Trạng thái');
INSERT INTO "Localization_Resource" ("CultureId", "Key", "Value") VALUES (1, 'Rating', 'Xếp hạng');
INSERT INTO "Localization_Resource" ("CultureId", "Key", "Value") VALUES (1, 'Keyword', 'Từ khóa');
INSERT INTO "Localization_Resource" ("CultureId", "Key", "Value") VALUES (1, 'Count', 'Số lần');
INSERT INTO "Localization_Resource" ("CultureId", "Key", "Value") VALUES (1, 'Create User', 'Tạo người dùng');
INSERT INTO "Localization_Resource" ("CultureId", "Key", "Value") VALUES (1, 'FullName', 'Họ và tên');
INSERT INTO "Localization_Resource" ("CultureId", "Key", "Value") VALUES (1, 'Roles', 'Roles');
INSERT INTO "Localization_Resource" ("CultureId", "Key", "Value") VALUES (1, 'Edit User', 'Chỉnh sửa user');
INSERT INTO "Localization_Resource" ("CultureId", "Key", "Value") VALUES (1, 'Manager of Vendor', 'Manager of Vendor');
INSERT INTO "Localization_Resource" ("CultureId", "Key", "Value") VALUES (1, 'Save', 'Lưu lại');
INSERT INTO "Localization_Resource" ("CultureId", "Key", "Value") VALUES (1, 'Cancel', 'Hủy');
INSERT INTO "Localization_Resource" ("CultureId", "Key", "Value") VALUES (1, 'Phone Number', 'Số điện thoại');
INSERT INTO "Localization_Resource" ("CultureId", "Key", "Value") VALUES (1, 'Create Vendor', 'Tạo người bán');
INSERT INTO "Localization_Resource" ("CultureId", "Key", "Value") VALUES (1, 'Is Active', 'Đang hoạt động');
INSERT INTO "Localization_Resource" ("CultureId", "Key", "Value") VALUES (1, 'Edit Vendor', 'Chỉnh sửa người bán');
INSERT INTO "Localization_Resource" ("CultureId", "Key", "Value") VALUES (1, 'Managers', 'Quản lý');
INSERT INTO "Localization_Resource" ("CultureId", "Key", "Value") VALUES (1, 'Description', 'Mô tả');
INSERT INTO "Localization_Resource" ("CultureId", "Key", "Value") VALUES (1, 'Pending', 'Đang chờ');
INSERT INTO "Localization_Resource" ("CultureId", "Key", "Value") VALUES (1, 'Approved', 'Đã duyệt');
INSERT INTO "Localization_Resource" ("CultureId", "Key", "Value") VALUES (1, 'Not Approved', 'Không duyệt');
INSERT INTO "Localization_Resource" ("CultureId", "Key", "Value") VALUES (1, 'Approve', 'Duyệt');
INSERT INTO "Localization_Resource" ("CultureId", "Key", "Value") VALUES (1, 'Create Product', 'Tạo sản phẩm');
INSERT INTO "Localization_Resource" ("CultureId", "Key", "Value") VALUES (1, 'Has Options', 'Tùy chọn');
INSERT INTO "Localization_Resource" ("CultureId", "Key", "Value") VALUES (1, 'Is Visible Individually', 'Hiển thị riêng lẻ');
INSERT INTO "Localization_Resource" ("CultureId", "Key", "Value") VALUES (1, 'Is Featured', 'Nổi bậc');
INSERT INTO "Localization_Resource" ("CultureId", "Key", "Value") VALUES (1, 'Is Allowed To Order', 'Cho phép đặt hàng');
INSERT INTO "Localization_Resource" ("CultureId", "Key", "Value") VALUES (1, 'Is Called For Pricing', 'Gọi để biết giá');
INSERT INTO "Localization_Resource" ("CultureId", "Key", "Value") VALUES (1, 'Stock Quantity', 'Số lượng trong kho');
INSERT INTO "Localization_Resource" ("CultureId", "Key", "Value") VALUES (1, 'Is Published', 'Công bố');
INSERT INTO "Localization_Resource" ("CultureId", "Key", "Value") VALUES (1, 'Yes', 'Có');
INSERT INTO "Localization_Resource" ("CultureId", "Key", "Value") VALUES (1, 'No', 'Không');
INSERT INTO "Localization_Resource" ("CultureId", "Key", "Value") VALUES (1, 'Edit Product', 'Chỉnh sửa sản phẩm');
INSERT INTO "Localization_Resource" ("CultureId", "Key", "Value") VALUES (1, 'Product Name', 'Tên sản phẩm');
INSERT INTO "Localization_Resource" ("CultureId", "Key", "Value") VALUES (1, 'Short Description', 'Mô tả ngắn');
INSERT INTO "Localization_Resource" ("CultureId", "Key", "Value") VALUES (1, 'Specification', 'Thông số kỹ thuật');
INSERT INTO "Localization_Resource" ("CultureId", "Key", "Value") VALUES (1, 'Old Price', 'Giá cũ');
INSERT INTO "Localization_Resource" ("CultureId", "Key", "Value") VALUES (1, 'Special Price', 'Giá đặc biệt');
INSERT INTO "Localization_Resource" ("CultureId", "Key", "Value") VALUES (1, 'Special Price Start', 'Bắt đầu giá đặc biệt');
INSERT INTO "Localization_Resource" ("CultureId", "Key", "Value") VALUES (1, 'Special Price End', 'Kết thúc giá đặc biệt');
INSERT INTO "Localization_Resource" ("CultureId", "Key", "Value") VALUES (1, 'Thumbnail', 'Hình đại diện');
INSERT INTO "Localization_Resource" ("CultureId", "Key", "Value") VALUES (1, 'Product Images', 'Hình sản phẩm');
INSERT INTO "Localization_Resource" ("CultureId", "Key", "Value") VALUES (1, 'Product Documents', 'Tài liệu kỹ thuật');
INSERT INTO "Localization_Resource" ("CultureId", "Key", "Value") VALUES (1, 'Out Of Stock', 'Hết hàng');
INSERT INTO "Localization_Resource" ("CultureId", "Key", "Value") VALUES (1, 'Available Options', 'Tùy chọn khả dụng');
INSERT INTO "Localization_Resource" ("CultureId", "Key", "Value") VALUES (1, 'Add Option', 'Thêm tùy chọn');
INSERT INTO "Localization_Resource" ("CultureId", "Key", "Value") VALUES (1, 'Option Values', 'Giá trị của tùy chọn');
INSERT INTO "Localization_Resource" ("CultureId", "Key", "Value") VALUES (1, 'Delete Option', 'Xóa tùy chọn');
INSERT INTO "Localization_Resource" ("CultureId", "Key", "Value") VALUES (1, 'Generate Combinations', 'Tự động tạo tùy chọn sản phẩm');
INSERT INTO "Localization_Resource" ("CultureId", "Key", "Value") VALUES (1, 'Product Variations', 'Những tùy chọn sản phẩm');
INSERT INTO "Localization_Resource" ("CultureId", "Key", "Value") VALUES (1, 'Option Combinations', 'Sự kết hợp của những tùy chọn');
INSERT INTO "Localization_Resource" ("CultureId", "Key", "Value") VALUES (1, 'Images', 'Hình ảnh');
INSERT INTO "Localization_Resource" ("CultureId", "Key", "Value") VALUES (1, 'Apply', 'Áp dụng');
INSERT INTO "Localization_Resource" ("CultureId", "Key", "Value") VALUES (1, 'Available Attributes', 'Đặt tính khả dụng');
INSERT INTO "Localization_Resource" ("CultureId", "Key", "Value") VALUES (1, 'Add Attribute', 'Thêm đặc tính');
INSERT INTO "Localization_Resource" ("CultureId", "Key", "Value") VALUES (1, 'Product Attributes', 'Đặc tính của sản phẩm');
INSERT INTO "Localization_Resource" ("CultureId", "Key", "Value") VALUES (1, 'Attribute Name', 'Tên đặc tính');
INSERT INTO "Localization_Resource" ("CultureId", "Key", "Value") VALUES (1, 'Value', 'Giá trị');
INSERT INTO "Localization_Resource" ("CultureId", "Key", "Value") VALUES (1, 'General Information', 'Thông tin chung');
INSERT INTO "Localization_Resource" ("CultureId", "Key", "Value") VALUES (1, 'Category Mapping', 'Danh mục');
INSERT INTO "Localization_Resource" ("CultureId", "Key", "Value") VALUES (1, 'Related Products', 'Sản phẩm tương tự');
INSERT INTO "Localization_Resource" ("CultureId", "Key", "Value") VALUES (1, 'Manage Related Products', 'Quản lý sản phẩm tương tự');
INSERT INTO "Localization_Resource" ("CultureId", "Key", "Value") VALUES (1, 'Create Category', 'Tạo danh mục');
INSERT INTO "Localization_Resource" ("CultureId", "Key", "Value") VALUES (1, 'Edit Category', 'Chỉnh sửa danh mục');
INSERT INTO "Localization_Resource" ("CultureId", "Key", "Value") VALUES (1, 'Create Brand', 'Tạo nhãn hàng');
INSERT INTO "Localization_Resource" ("CultureId", "Key", "Value") VALUES (1, 'Edit Brand', 'Chỉnh sửa nhãn hàng');
INSERT INTO "Localization_Resource" ("CultureId", "Key", "Value") VALUES (1, 'Name', 'Tên');
INSERT INTO "Localization_Resource" ("CultureId", "Key", "Value") VALUES (1, 'Parent Category', 'Danh mục cha');
INSERT INTO "Localization_Resource" ("CultureId", "Key", "Value") VALUES (1, 'Group', 'Nhóm');
INSERT INTO "Localization_Resource" ("CultureId", "Key", "Value") VALUES (1, 'Create Product Attribute', 'Tạo đặt tính sản phẩm');
INSERT INTO "Localization_Resource" ("CultureId", "Key", "Value") VALUES (1, 'Edit Product Attribute', 'Chỉnh sửa đặt tính sản phẩm');
INSERT INTO "Localization_Resource" ("CultureId", "Key", "Value") VALUES (1, 'Create Product Attribute Group', 'Tạo nhóm đặt tính sản phẩm');
INSERT INTO "Localization_Resource" ("CultureId", "Key", "Value") VALUES (1, 'Edit Product Attribute Group', 'Chỉnh sửa nhóm đặt tính sản phẩm');
INSERT INTO "Localization_Resource" ("CultureId", "Key", "Value") VALUES (1, 'Create Product Option', 'Tạo tùy chọn sản phẩm');
INSERT INTO "Localization_Resource" ("CultureId", "Key", "Value") VALUES (1, 'Edit Product Option', 'Chỉnh sửa tùy chọn sản phẩm');
INSERT INTO "Localization_Resource" ("CultureId", "Key", "Value") VALUES (1, 'Create Product Display Widget', 'Create Product Display Widget');
INSERT INTO "Localization_Resource" ("CultureId", "Key", "Value") VALUES (1, 'Edit Product Display Widget', 'Edit Product Display Widget');
INSERT INTO "Localization_Resource" ("CultureId", "Key", "Value") VALUES (1, 'Widget Name', 'Widget Name');
INSERT INTO "Localization_Resource" ("CultureId", "Key", "Value") VALUES (1, 'Widget Zone', 'Widget Zone');
INSERT INTO "Localization_Resource" ("CultureId", "Key", "Value") VALUES (1, 'Publish Start', 'Thời gian bắt đầu công bố');
INSERT INTO "Localization_Resource" ("CultureId", "Key", "Value") VALUES (1, 'Publish End', 'Thời gian kết thúc');
INSERT INTO "Localization_Resource" ("CultureId", "Key", "Value") VALUES (1, 'Number of Products', 'Số lượng sản phẩm');
INSERT INTO "Localization_Resource" ("CultureId", "Key", "Value") VALUES (1, 'Order By', 'Sắp xếp theo');
INSERT INTO "Localization_Resource" ("CultureId", "Key", "Value") VALUES (1, 'Create Product Template', 'Tạo mẫu sản phẩm');
INSERT INTO "Localization_Resource" ("CultureId", "Key", "Value") VALUES (1, 'Edit Product Template', 'Chỉnh sửa mẫu sản phẩm');
INSERT INTO "Localization_Resource" ("CultureId", "Key", "Value") VALUES (1, 'Added Attributes', 'Những đặt tính đã thêm');
INSERT INTO "Localization_Resource" ("CultureId", "Key", "Value") VALUES (1, 'Back', 'Quay về');
INSERT INTO "Localization_Resource" ("CultureId", "Key", "Value") VALUES (1, 'Order Detail', 'Chi tiết đơn hàng');
INSERT INTO "Localization_Resource" ("CultureId", "Key", "Value") VALUES (1, 'Order Information', 'Thông tin đơn hàng');
INSERT INTO "Localization_Resource" ("CultureId", "Key", "Value") VALUES (1, 'Change', 'Thay đổi');
INSERT INTO "Localization_Resource" ("CultureId", "Key", "Value") VALUES (1, 'Product Information', 'Thông tin sản phẩm');
INSERT INTO "Localization_Resource" ("CultureId", "Key", "Value") VALUES (1, 'Shipping Information', 'Thông tin giao hàng');
INSERT INTO "Localization_Resource" ("CultureId", "Key", "Value") VALUES (1, 'Application Settings', 'Application Settings');
INSERT INTO "Localization_Resource" ("CultureId", "Key", "Value") VALUES (1, 'Create Page', 'Tạo trang');
INSERT INTO "Localization_Resource" ("CultureId", "Key", "Value") VALUES (1, 'Edit Page', 'Chỉnh sửa trang');
INSERT INTO "Localization_Resource" ("CultureId", "Key", "Value") VALUES (1, 'Body', 'Nội dung chính');
INSERT INTO "Localization_Resource" ("CultureId", "Key", "Value") VALUES (1, 'Account Dashboard', 'Quản lý tài khoản');
INSERT INTO "Localization_Resource" ("CultureId", "Key", "Value") VALUES (1, 'Account Information', 'Thông tin tài khoản');
INSERT INTO "Localization_Resource" ("CultureId", "Key", "Value") VALUES (1, 'Edit', 'Chỉnh sửa');
INSERT INTO "Localization_Resource" ("CultureId", "Key", "Value") VALUES (1, 'Security', 'Bảo mật');
INSERT INTO "Localization_Resource" ("CultureId", "Key", "Value") VALUES (1, 'Create', 'Tạo mới');
INSERT INTO "Localization_Resource" ("CultureId", "Key", "Value") VALUES (1, 'External Logins', 'Đăng nhập từ mạng xã hội');
INSERT INTO "Localization_Resource" ("CultureId", "Key", "Value") VALUES (1, 'Manage', 'Quản lý');
INSERT INTO "Localization_Resource" ("CultureId", "Key", "Value") VALUES (1, 'Default shipping address', 'Địa chỉ nhận hàng mặc định');
INSERT INTO "Localization_Resource" ("CultureId", "Key", "Value") VALUES (1, 'Manage address', 'Quản lý địa chỉ');
INSERT INTO "Localization_Resource" ("CultureId", "Key", "Value") VALUES (1, 'You don''t have any default address', 'Bạn chưa có địa chỉ mặc định nào');
INSERT INTO "Localization_Resource" ("CultureId", "Key", "Value") VALUES (1, 'Order History', 'Lịch sử mua hàng');
INSERT INTO "Localization_Resource" ("CultureId", "Key", "Value") VALUES (1, 'Address Book', 'Sổ địa chỉ');
INSERT INTO "Localization_Resource" ("CultureId", "Key", "Value") VALUES (1, 'Add Address', 'Thêm địa chỉ');
INSERT INTO "Localization_Resource" ("CultureId", "Key", "Value") VALUES (1, 'Delete', 'Xóa');
INSERT INTO "Localization_Resource" ("CultureId", "Key", "Value") VALUES (1, 'Set as default shipping address', 'Chọn làm địa chỉ mặc định khi nhận hàng');
INSERT INTO "Localization_Resource" ("CultureId", "Key", "Value") VALUES (1, 'Edit Address', 'Chỉnh sửa địa chỉ');
INSERT INTO "Localization_Resource" ("CultureId", "Key", "Value") VALUES (1, 'Create Address', 'Tạo địa chỉ mới');
INSERT INTO "Localization_Resource" ("CultureId", "Key", "Value") VALUES (1, 'Your account', 'Tài khoản của bạn');
INSERT INTO "Localization_Resource" ("CultureId", "Key", "Value") VALUES (1, 'Date', 'Ngày');

INSERT INTO "Localization_Resource" ("CultureId", "Key", "Value") VALUES (2, 'Register', 'S''inscrire');
INSERT INTO "Localization_Resource" ("CultureId", "Key", "Value") VALUES (2, 'Hello {0}!', 'Bonjour {0}!');
INSERT INTO "Localization_Resource" ("CultureId", "Key", "Value") VALUES (2, 'Log in', 'Connexion');
INSERT INTO "Localization_Resource" ("CultureId", "Key", "Value") VALUES (2, 'Log off', 'Déconnexion');
INSERT INTO "Localization_Resource" ("CultureId", "Key", "Value") VALUES (2, 'The Email field is required.', 'Le champs Email est obligatoire.');
INSERT INTO "Localization_Resource" ("CultureId", "Key", "Value") VALUES (2, 'Email', 'Email');
INSERT INTO "Localization_Resource" ("CultureId", "Key", "Value") VALUES (2, 'User List', 'Liste des utilisateurs');
INSERT INTO "Localization_Resource" ("CultureId", "Key", "Value") VALUES (2, 'Remember me?', 'Se rappeler de moi?');
INSERT INTO "Localization_Resource" ("CultureId", "Key", "Value") VALUES (2, 'Password', 'Mot de passe');
INSERT INTO "Localization_Resource" ("CultureId", "Key", "Value") VALUES (2, 'Use a local account to log in.', 'Utilisez un compte local pour vous connecter.');
INSERT INTO "Localization_Resource" ("CultureId", "Key", "Value") VALUES (2, 'Register as a new user?', 'Enregistrez-vous en tant que nouvel utilisateur?');
INSERT INTO "Localization_Resource" ("CultureId", "Key", "Value") VALUES (2, 'Forgot your password?', 'Mot de passe oublié?');
INSERT INTO "Localization_Resource" ("CultureId", "Key", "Value") VALUES (2, 'Use another service to log in.', 'Utilisez un autre service pour vous connecter.');
INSERT INTO "Localization_Resource" ("CultureId", "Key", "Value") VALUES (2, 'Full name', 'Nom complet');
INSERT INTO "Localization_Resource" ("CultureId", "Key", "Value") VALUES (2, 'Confirm password', 'Confirmez le mot de passe');
INSERT INTO "Localization_Resource" ("CultureId", "Key", "Value") VALUES (2, 'Create a new account.', 'Créer un nouveau compte.');
INSERT INTO "Localization_Resource" ("CultureId", "Key", "Value") VALUES (2, 'All', 'Tout');
INSERT INTO "Localization_Resource" ("CultureId", "Key", "Value") VALUES (2, 'Home', 'Accueil');
INSERT INTO "Localization_Resource" ("CultureId", "Key", "Value") VALUES (2, 'Add to cart', 'Ajouter au panier');
INSERT INTO "Localization_Resource" ("CultureId", "Key", "Value") VALUES (2, 'Product detail', 'Détail du produit');
INSERT INTO "Localization_Resource" ("CultureId", "Key", "Value") VALUES (2, 'Product specification', 'Spécification de produit');
INSERT INTO "Localization_Resource" ("CultureId", "Key", "Value") VALUES (2, 'Rate this product', 'Évaluez ce produit');
INSERT INTO "Localization_Resource" ("CultureId", "Key", "Value") VALUES (2, 'Review comment', 'Revue commentaire');
INSERT INTO "Localization_Resource" ("CultureId", "Key", "Value") VALUES (2, 'Review title', 'Revue titre');
INSERT INTO "Localization_Resource" ("CultureId", "Key", "Value") VALUES (2, 'Posted by', 'Posté par');
INSERT INTO "Localization_Resource" ("CultureId", "Key", "Value") VALUES (2, 'Submit review', 'Poster le commentaire');
INSERT INTO "Localization_Resource" ("CultureId", "Key", "Value") VALUES (2, 'You have', 'Vous avez');
INSERT INTO "Localization_Resource" ("CultureId", "Key", "Value") VALUES (2, 'products in your cart', 'produits dans votre panier');
INSERT INTO "Localization_Resource" ("CultureId", "Key", "Value") VALUES (2, 'Continue shopping', 'Continuer vos achats');
INSERT INTO "Localization_Resource" ("CultureId", "Key", "Value") VALUES (2, 'View cart', 'Voir le panier');
INSERT INTO "Localization_Resource" ("CultureId", "Key", "Value") VALUES (2, 'The product has been added to your cart', 'Le produit a été ajouté à votre panier');
INSERT INTO "Localization_Resource" ("CultureId", "Key", "Value") VALUES (2, 'Cart subtotal', 'Sous-total du panier');
INSERT INTO "Localization_Resource" ("CultureId", "Key", "Value") VALUES (2, 'Shopping Cart', 'Panier');
INSERT INTO "Localization_Resource" ("CultureId", "Key", "Value") VALUES (2, 'Product', 'Produit');
INSERT INTO "Localization_Resource" ("CultureId", "Key", "Value") VALUES (2, 'Price', 'Prix');
INSERT INTO "Localization_Resource" ("CultureId", "Key", "Value") VALUES (2, 'Quantity', 'Quantité');
INSERT INTO "Localization_Resource" ("CultureId", "Key", "Value") VALUES (2, 'There are no items in this cart.', 'Il n''y a aucun article dans votre panier.');
INSERT INTO "Localization_Resource" ("CultureId", "Key", "Value") VALUES (2, 'Go to shopping', 'Aller faire du shopping');
INSERT INTO "Localization_Resource" ("CultureId", "Key", "Value") VALUES (2, 'Order summary', 'Récapitulatif de la commande');
INSERT INTO "Localization_Resource" ("CultureId", "Key", "Value") VALUES (2, 'Subtotal', 'Sous-Total');
INSERT INTO "Localization_Resource" ("CultureId", "Key", "Value") VALUES (2, 'Process to Checkout', 'Processus de paiement');
INSERT INTO "Localization_Resource" ("CultureId", "Key", "Value") VALUES (2, 'Shipping address', 'Adresse de livraison');
INSERT INTO "Localization_Resource" ("CultureId", "Key", "Value") VALUES (2, 'Add another address', 'Ajouter une autre adresse');
INSERT INTO "Localization_Resource" ("CultureId", "Key", "Value") VALUES (2, 'Contact name', 'Nom du contact');
INSERT INTO "Localization_Resource" ("CultureId", "Key", "Value") VALUES (2, 'Address', 'Adresse');
INSERT INTO "Localization_Resource" ("CultureId", "Key", "Value") VALUES (2, 'State or Province', 'Etat ou Province');
INSERT INTO "Localization_Resource" ("CultureId", "Key", "Value") VALUES (2, 'District', 'District');
INSERT INTO "Localization_Resource" ("CultureId", "Key", "Value") VALUES (2, 'Phone', 'Téléphone');
INSERT INTO "Localization_Resource" ("CultureId", "Key", "Value") VALUES (2, 'Order', 'Commande');
INSERT INTO "Localization_Resource" ("CultureId", "Key", "Value") VALUES (2, 'products', 'Produits');
INSERT INTO "Localization_Resource" ("CultureId", "Key", "Value") VALUES (2, 'reviews', 'avis');
INSERT INTO "Localization_Resource" ("CultureId", "Key", "Value") VALUES (2, 'Add Review', 'Ajouter un commentaire');
INSERT INTO "Localization_Resource" ("CultureId", "Key", "Value") VALUES (2, 'Customer reviews', 'Avis des clients');
INSERT INTO "Localization_Resource" ("CultureId", "Key", "Value") VALUES (2, 'Your review will be showed within the next 24h.', 'Votre avis sera affiché dans les prochaines 24h.');
INSERT INTO "Localization_Resource" ("CultureId", "Key", "Value") VALUES (2, 'Thank you {0} for your review', 'Merci {0} pour votre commentaire');
INSERT INTO "Localization_Resource" ("CultureId", "Key", "Value") VALUES (2, 'Rating average', 'Moyenne des notes');
INSERT INTO "Localization_Resource" ("CultureId", "Key", "Value") VALUES (2, 'stars', 'Etoiles');
INSERT INTO "Localization_Resource" ("CultureId", "Key", "Value") VALUES (2, 'Filter by', 'Filtrer par');
INSERT INTO "Localization_Resource" ("CultureId", "Key", "Value") VALUES (2, 'Category', 'Catégorie');
INSERT INTO "Localization_Resource" ("CultureId", "Key", "Value") VALUES (2, 'Brand', 'Marque');
INSERT INTO "Localization_Resource" ("CultureId", "Key", "Value") VALUES (2, 'Sort by:', 'Trier par:');
INSERT INTO "Localization_Resource" ("CultureId", "Key", "Value") VALUES (2, 'results', 'résultats');
INSERT INTO "Localization_Resource" ("CultureId", "Key", "Value") VALUES (2, 'View options', 'Afficher les options');
INSERT INTO "Localization_Resource" ("CultureId", "Key", "Value") VALUES (2, 'Name', 'Nom');
INSERT INTO "Localization_Resource" ("CultureId", "Key", "Value") VALUES (2, 'FullName', 'Nom Prénom');
INSERT INTO "Localization_Resource" ("CultureId", "Key", "Value") VALUES (2, 'Associate your {0} account.', 'Associez votre compte {0}.');
INSERT INTO "Localization_Resource" ("CultureId", "Key", "Value") VALUES (2, 'Users', 'Utilisateurs');
INSERT INTO "Localization_Resource" ("CultureId", "Key", "Value") VALUES (2, 'Vendors', 'Vendeurs');
INSERT INTO "Localization_Resource" ("CultureId", "Key", "Value") VALUES (2, 'Reviews', 'Avis');
INSERT INTO "Localization_Resource" ("CultureId", "Key", "Value") VALUES (2, 'Products', 'Produits');
INSERT INTO "Localization_Resource" ("CultureId", "Key", "Value") VALUES (2, 'Categories', 'Catégories');
INSERT INTO "Localization_Resource" ("CultureId", "Key", "Value") VALUES (2, 'Brands', 'Marques');
INSERT INTO "Localization_Resource" ("CultureId", "Key", "Value") VALUES (2, 'Product Options', 'Options du produit');
INSERT INTO "Localization_Resource" ("CultureId", "Key", "Value") VALUES (2, 'Product Attribute', 'Attribut du produit');
INSERT INTO "Localization_Resource" ("CultureId", "Key", "Value") VALUES (2, 'Product Attribute Groups', 'Groupes d''attributs de produits');
INSERT INTO "Localization_Resource" ("CultureId", "Key", "Value") VALUES (2, 'Product Templates', 'Modèles de produits');
INSERT INTO "Localization_Resource" ("CultureId", "Key", "Value") VALUES (2, 'Sales', 'Ventes');
INSERT INTO "Localization_Resource" ("CultureId", "Key", "Value") VALUES (2, 'Orders', 'Ordres');
INSERT INTO "Localization_Resource" ("CultureId", "Key", "Value") VALUES (2, 'Content Management', 'Gestion de contenu');
INSERT INTO "Localization_Resource" ("CultureId", "Key", "Value") VALUES (2, 'Pages', 'Pages');
INSERT INTO "Localization_Resource" ("CultureId", "Key", "Value") VALUES (2, 'Widgets', 'Widgets');
INSERT INTO "Localization_Resource" ("CultureId", "Key", "Value") VALUES (2, 'System', 'Système');
INSERT INTO "Localization_Resource" ("CultureId", "Key", "Value") VALUES (2, 'Configuration', 'Configuration');
INSERT INTO "Localization_Resource" ("CultureId", "Key", "Value") VALUES (2, 'Translations', 'Translations');
INSERT INTO "Localization_Resource" ("CultureId", "Key", "Value") VALUES (2, 'Dashboard', 'Tableau de bord');
INSERT INTO "Localization_Resource" ("CultureId", "Key", "Value") VALUES (2, 'Incomplete orders', 'Commandes incomplètes');
INSERT INTO "Localization_Resource" ("CultureId", "Key", "Value") VALUES (2, 'Pending reviews', 'Avis en attente');
INSERT INTO "Localization_Resource" ("CultureId", "Key", "Value") VALUES (2, 'Most searched keywords', 'Les mots clés les plus recherchés');
INSERT INTO "Localization_Resource" ("CultureId", "Key", "Value") VALUES (2, 'Most viewed products', 'Produits les plus consultés');
INSERT INTO "Localization_Resource" ("CultureId", "Key", "Value") VALUES (2, 'OrderId', 'Numéro de commande');
INSERT INTO "Localization_Resource" ("CultureId", "Key", "Value") VALUES (2, 'Order Status', 'Statut de la commande');
INSERT INTO "Localization_Resource" ("CultureId", "Key", "Value") VALUES (2, 'Customer', 'Client');
INSERT INTO "Localization_Resource" ("CultureId", "Key", "Value") VALUES (2, 'Created On', 'Créé en');
INSERT INTO "Localization_Resource" ("CultureId", "Key", "Value") VALUES (2, 'SubTotal', 'Total');
INSERT INTO "Localization_Resource" ("CultureId", "Key", "Value") VALUES (2, 'Actions', 'Actions');
INSERT INTO "Localization_Resource" ("CultureId", "Key", "Value") VALUES (2, 'Site', 'Site');
INSERT INTO "Localization_Resource" ("CultureId", "Key", "Value") VALUES (2, 'Catalog', 'Catalogue');
INSERT INTO "Localization_Resource" ("CultureId", "Key", "Value") VALUES (2, 'Title', 'Titre');
INSERT INTO "Localization_Resource" ("CultureId", "Key", "Value") VALUES (2, 'Comment', 'Commentaire');
INSERT INTO "Localization_Resource" ("CultureId", "Key", "Value") VALUES (2, 'Status', 'Statut');
INSERT INTO "Localization_Resource" ("CultureId", "Key", "Value") VALUES (2, 'Rating', 'Évaluation');
INSERT INTO "Localization_Resource" ("CultureId", "Key", "Value") VALUES (2, 'Keyword', 'Mot-clé');
INSERT INTO "Localization_Resource" ("CultureId", "Key", "Value") VALUES (2, 'Count', 'Décompte');
INSERT INTO "Localization_Resource" ("CultureId", "Key", "Value") VALUES (2, 'Create User', 'Créer un utilisateur');
INSERT INTO "Localization_Resource" ("CultureId", "Key", "Value") VALUES (2, 'FullName', 'Nom complet');
INSERT INTO "Localization_Resource" ("CultureId", "Key", "Value") VALUES (2, 'Roles', 'Rôles');
INSERT INTO "Localization_Resource" ("CultureId", "Key", "Value") VALUES (2, 'Edit User', 'Modifier l''utilisateur');
INSERT INTO "Localization_Resource" ("CultureId", "Key", "Value") VALUES (2, 'Manager of Vendor', 'Directeur du vendeur');
INSERT INTO "Localization_Resource" ("CultureId", "Key", "Value") VALUES (2, 'Save', 'Sauvegarder');
INSERT INTO "Localization_Resource" ("CultureId", "Key", "Value") VALUES (2, 'Cancel', 'Annuler');
INSERT INTO "Localization_Resource" ("CultureId", "Key", "Value") VALUES (2, 'Phone Number', 'Numéro de téléphone');
INSERT INTO "Localization_Resource" ("CultureId", "Key", "Value") VALUES (2, 'Create Vendor', 'Créer un fournisseur');
INSERT INTO "Localization_Resource" ("CultureId", "Key", "Value") VALUES (2, 'Is Active', 'Actif');
INSERT INTO "Localization_Resource" ("CultureId", "Key", "Value") VALUES (2, 'Edit Vendor', 'Modifier le fournisseur');
INSERT INTO "Localization_Resource" ("CultureId", "Key", "Value") VALUES (2, 'Managers', 'Les gestionnaires');
INSERT INTO "Localization_Resource" ("CultureId", "Key", "Value") VALUES (2, 'Description', 'Description');
INSERT INTO "Localization_Resource" ("CultureId", "Key", "Value") VALUES (2, 'Pending', 'En attente');
INSERT INTO "Localization_Resource" ("CultureId", "Key", "Value") VALUES (2, 'Approved', 'Approuvé');
INSERT INTO "Localization_Resource" ("CultureId", "Key", "Value") VALUES (2, 'Not Approved', 'Non Apprové');
INSERT INTO "Localization_Resource" ("CultureId", "Key", "Value") VALUES (2, 'Approve', 'Approuver');
INSERT INTO "Localization_Resource" ("CultureId", "Key", "Value") VALUES (2, 'Create Product', 'Créer un produit');
INSERT INTO "Localization_Resource" ("CultureId", "Key", "Value") VALUES (2, 'Has Options', 'A des options');
INSERT INTO "Localization_Resource" ("CultureId", "Key", "Value") VALUES (2, 'Is Visible Individually', 'Est visible individuellement');
INSERT INTO "Localization_Resource" ("CultureId", "Key", "Value") VALUES (2, 'Is Featured', 'Est en vedette');
INSERT INTO "Localization_Resource" ("CultureId", "Key", "Value") VALUES (2, 'Is Allowed To Order', 'Est autorisé à commander');
INSERT INTO "Localization_Resource" ("CultureId", "Key", "Value") VALUES (2, 'Is Called For Pricing', 'Est appelé pour le prix');
INSERT INTO "Localization_Resource" ("CultureId", "Key", "Value") VALUES (2, 'Stock Quantity', 'Quantité en stock');
INSERT INTO "Localization_Resource" ("CultureId", "Key", "Value") VALUES (2, 'Is Published', 'Est publié');
INSERT INTO "Localization_Resource" ("CultureId", "Key", "Value") VALUES (2, 'Yes', 'Oui');
INSERT INTO "Localization_Resource" ("CultureId", "Key", "Value") VALUES (2, 'No', 'Non');
INSERT INTO "Localization_Resource" ("CultureId", "Key", "Value") VALUES (2, 'Edit Product', 'Modifier le produit');
INSERT INTO "Localization_Resource" ("CultureId", "Key", "Value") VALUES (2, 'Product Name', 'Nom du produit');
INSERT INTO "Localization_Resource" ("CultureId", "Key", "Value") VALUES (2, 'Short Description', 'Brève Description');
INSERT INTO "Localization_Resource" ("CultureId", "Key", "Value") VALUES (2, 'Specification', 'Spécification');
INSERT INTO "Localization_Resource" ("CultureId", "Key", "Value") VALUES (2, 'Old Price', 'Ancien prix');
INSERT INTO "Localization_Resource" ("CultureId", "Key", "Value") VALUES (2, 'Special Price', 'Prix spécial');
INSERT INTO "Localization_Resource" ("CultureId", "Key", "Value") VALUES (2, 'Special Price Start', 'Début des prix spéciaux');
INSERT INTO "Localization_Resource" ("CultureId", "Key", "Value") VALUES (2, 'Special Price End', 'Fin des prix spéciaux');
INSERT INTO "Localization_Resource" ("CultureId", "Key", "Value") VALUES (2, 'Thumbnail', 'Vignette');
INSERT INTO "Localization_Resource" ("CultureId", "Key", "Value") VALUES (2, 'Product Images', 'Images du produit');
INSERT INTO "Localization_Resource" ("CultureId", "Key", "Value") VALUES (2, 'Product Documents', 'Documents produits');
INSERT INTO "Localization_Resource" ("CultureId", "Key", "Value") VALUES (2, 'Out Of Stock', 'En rupture de stock');
INSERT INTO "Localization_Resource" ("CultureId", "Key", "Value") VALUES (2, 'Available Options', 'Options disponibles');
INSERT INTO "Localization_Resource" ("CultureId", "Key", "Value") VALUES (2, 'Add Option', 'Ajouter une option');
INSERT INTO "Localization_Resource" ("CultureId", "Key", "Value") VALUES (2, 'Option Values', 'Valeurs d''option');
INSERT INTO "Localization_Resource" ("CultureId", "Key", "Value") VALUES (2, 'Delete Option', 'Supprimer l''option');
INSERT INTO "Localization_Resource" ("CultureId", "Key", "Value") VALUES (2, 'Generate Combinations', 'Générer des combinaisons');
INSERT INTO "Localization_Resource" ("CultureId", "Key", "Value") VALUES (2, 'Product Variations', 'Variations du produit');
INSERT INTO "Localization_Resource" ("CultureId", "Key", "Value") VALUES (2, 'Option Combinations', 'Combinaisons d''options');
INSERT INTO "Localization_Resource" ("CultureId", "Key", "Value") VALUES (2, 'Images', 'Images');
INSERT INTO "Localization_Resource" ("CultureId", "Key", "Value") VALUES (2, 'Apply', 'Appliquer');
INSERT INTO "Localization_Resource" ("CultureId", "Key", "Value") VALUES (2, 'Available Attributes', 'Attributs disponibles');
INSERT INTO "Localization_Resource" ("CultureId", "Key", "Value") VALUES (2, 'Add Attribute', 'Ajouter un attribut');
INSERT INTO "Localization_Resource" ("CultureId", "Key", "Value") VALUES (2, 'Product Attributes', 'Attributs du produit');
INSERT INTO "Localization_Resource" ("CultureId", "Key", "Value") VALUES (2, 'Attribute Name', 'Nom d''attribut');
INSERT INTO "Localization_Resource" ("CultureId", "Key", "Value") VALUES (2, 'Value', N'Valeur');
INSERT INTO "Localization_Resource" ("CultureId", "Key", "Value") VALUES (2, 'General Information', 'Informations générales');
INSERT INTO "Localization_Resource" ("CultureId", "Key", "Value") VALUES (2, 'Category Mapping', 'Mapping de catégorie');
INSERT INTO "Localization_Resource" ("CultureId", "Key", "Value") VALUES (2, 'Related Products', 'Produits connexes');
INSERT INTO "Localization_Resource" ("CultureId", "Key", "Value") VALUES (2, 'Manage Related Products', 'Gérer les produits connexes');
INSERT INTO "Localization_Resource" ("CultureId", "Key", "Value") VALUES (2, 'Create Category', 'Créer une catégorie');
INSERT INTO "Localization_Resource" ("CultureId", "Key", "Value") VALUES (2, 'Edit Category', 'Modifier la catégorie');
INSERT INTO "Localization_Resource" ("CultureId", "Key", "Value") VALUES (2, 'Create Brand', 'Créer une marque');
INSERT INTO "Localization_Resource" ("CultureId", "Key", "Value") VALUES (2, 'Edit Brand', 'Modifier la marque');
INSERT INTO "Localization_Resource" ("CultureId", "Key", "Value") VALUES (2, 'Name', 'Nom');
INSERT INTO "Localization_Resource" ("CultureId", "Key", "Value") VALUES (2, 'Parent Category', 'Catégorie Parentale');
INSERT INTO "Localization_Resource" ("CultureId", "Key", "Value") VALUES (2, 'Group', 'Groupe');
INSERT INTO "Localization_Resource" ("CultureId", "Key", "Value") VALUES (2, 'Create Product Attribute', 'Créer un attribut de produit');
INSERT INTO "Localization_Resource" ("CultureId", "Key", "Value") VALUES (2, 'Edit Product Attribute', 'Modifier l''attribut de produit');
INSERT INTO "Localization_Resource" ("CultureId", "Key", "Value") VALUES (2, 'Create Product Attribute Group', 'Créer un groupe d''attributs de produits');
INSERT INTO "Localization_Resource" ("CultureId", "Key", "Value") VALUES (2, 'Edit Product Attribute Group', 'Modifier le groupe d''attributs de produit');
INSERT INTO "Localization_Resource" ("CultureId", "Key", "Value") VALUES (2, 'Create Product Option', 'Créer une option de produit');
INSERT INTO "Localization_Resource" ("CultureId", "Key", "Value") VALUES (2, 'Edit Product Option', 'Modifier l''option de produit');
INSERT INTO "Localization_Resource" ("CultureId", "Key", "Value") VALUES (2, 'Create Product Display Widget', 'Créer un Widget d''affichage de produit');
INSERT INTO "Localization_Resource" ("CultureId", "Key", "Value") VALUES (2, 'Edit Product Display Widget', 'Modifier le widget d''affichage des produits');
INSERT INTO "Localization_Resource" ("CultureId", "Key", "Value") VALUES (2, 'Widget Name', 'Nom du widget');
INSERT INTO "Localization_Resource" ("CultureId", "Key", "Value") VALUES (2, 'Widget Zone', 'Widget Zone');
INSERT INTO "Localization_Resource" ("CultureId", "Key", "Value") VALUES (2, 'Publish Start', 'Commencer à publier');
INSERT INTO "Localization_Resource" ("CultureId", "Key", "Value") VALUES (2, 'Publish End', 'Fin de publication')
INSERT INTO "Localization_Resource" ("CultureId", "Key", "Value") VALUES (2, 'Number of Products', 'Nombre de produits');
INSERT INTO "Localization_Resource" ("CultureId", "Key", "Value") VALUES (2, 'Order By', 'Commandé par');
INSERT INTO "Localization_Resource" ("CultureId", "Key", "Value") VALUES (2, 'Create Product Template', 'Créer un modèle de produit');
INSERT INTO "Localization_Resource" ("CultureId", "Key", "Value") VALUES (2, 'Edit Product Template', 'Modifier le modèle de produit');
INSERT INTO "Localization_Resource" ("CultureId", "Key", "Value") VALUES (2, 'Added Attributes', 'Attributs ajoutés');
INSERT INTO "Localization_Resource" ("CultureId", "Key", "Value") VALUES (2, 'Back', 'Arrière');
INSERT INTO "Localization_Resource" ("CultureId", "Key", "Value") VALUES (2, 'Order Detail', 'Détails de la commande');
INSERT INTO "Localization_Resource" ("CultureId", "Key", "Value") VALUES (2, 'Order Information', 'Informations sur la commande');
INSERT INTO "Localization_Resource" ("CultureId", "Key", "Value") VALUES (2, 'Change', 'Changement');
INSERT INTO "Localization_Resource" ("CultureId", "Key", "Value") VALUES (2, 'Product Information', 'Information produit');
INSERT INTO "Localization_Resource" ("CultureId", "Key", "Value") VALUES (2, 'Shipping Information', 'Informations sur la livraison');
INSERT INTO "Localization_Resource" ("CultureId", "Key", "Value") VALUES (2, 'Application Settings', 'Paramètres de l''application');
INSERT INTO "Localization_Resource" ("CultureId", "Key", "Value") VALUES (2, 'Create Page', 'Créer une page');
INSERT INTO "Localization_Resource" ("CultureId", "Key", "Value") VALUES (2, 'Edit Page', N'Modifier la page');
INSERT INTO "Localization_Resource" ("CultureId", "Key", "Value") VALUES (2, 'Body', 'Corps');
INSERT INTO "Localization_Resource" ("CultureId", "Key", "Value") VALUES (2, 'Account Dashboard', 'Tableau de bord des comptes');
INSERT INTO "Localization_Resource" ("CultureId", "Key", "Value") VALUES (2, 'Account Information', 'Information sur le compte');
INSERT INTO "Localization_Resource" ("CultureId", "Key", "Value") VALUES (2, 'Edit', 'Modifier');
INSERT INTO "Localization_Resource" ("CultureId", "Key", "Value") VALUES (2, 'Security', 'Sécurité');
INSERT INTO "Localization_Resource" ("CultureId", "Key", "Value") VALUES (2, 'Create', 'Créer');
INSERT INTO "Localization_Resource" ("CultureId", "Key", "Value") VALUES (2, 'External Logins', 'Logins externes')
INSERT INTO "Localization_Resource" ("CultureId", "Key", "Value") VALUES (2, 'Manage', N'Gérer');
INSERT INTO "Localization_Resource" ("CultureId", "Key", "Value") VALUES (2, 'Default shipping address', 'Adresse de livraison par défaut');
INSERT INTO "Localization_Resource" ("CultureId", "Key", "Value") VALUES (2, 'Manage address', 'Gérer l''adresse')
INSERT INTO "Localization_Resource" ("CultureId", "Key", "Value") VALUES (2, 'You don''t have any default address', 'Vous n''avez aucune adresse par défaut');
INSERT INTO "Localization_Resource" ("CultureId", "Key", "Value") VALUES (2, 'Order History', 'Historique des commandes');
INSERT INTO "Localization_Resource" ("CultureId", "Key", "Value") VALUES (2, 'Address Book', 'Carnet d''adresses');
INSERT INTO "Localization_Resource" ("CultureId", "Key", "Value") VALUES (2, 'Add Address', 'Ajouter une adresse');
INSERT INTO "Localization_Resource" ("CultureId", "Key", "Value") VALUES (2, 'Delete', 'Supprimer');
INSERT INTO "Localization_Resource" ("CultureId", "Key", "Value") VALUES (2, 'Set as default shipping address', 'Définir comme adresse de livraison par défaut');
INSERT INTO "Localization_Resource" ("CultureId", "Key", "Value") VALUES (2, 'Edit Address', 'Modifier l''adresse');
INSERT INTO "Localization_Resource" ("CultureId", "Key", "Value") VALUES (2, 'Create Address', 'Créer une adresse');
INSERT INTO "Localization_Resource" ("CultureId", "Key", "Value") VALUES (2, 'Your account', 'Votre Compte');
INSERT INTO "Localization_Resource" ("CultureId", "Key", "Value") VALUES (2, 'Date', 'Date');

INSERT INTO "Localization_Resource" ("CultureId", "Key", "Value") VALUES (3, 'Register', 'Cadastro');
INSERT INTO "Localization_Resource" ("CultureId", "Key", "Value") VALUES (3, 'Hello {0}!', 'Olá {0}!');
INSERT INTO "Localization_Resource" ("CultureId", "Key", "Value") VALUES (3, 'Log in', 'Entrar');
INSERT INTO "Localization_Resource" ("CultureId", "Key", "Value") VALUES (3, 'Log off', 'Sair');
INSERT INTO "Localization_Resource" ("CultureId", "Key", "Value") VALUES (3, 'The Email field is required.', 'O campo Email é obrigatório. ');
INSERT INTO "Localization_Resource" ("CultureId", "Key", "Value") VALUES (3, 'Email', 'Email');
INSERT INTO "Localization_Resource" ("CultureId", "Key", "Value") VALUES (3, 'User List', 'Lista de usuários');
INSERT INTO "Localization_Resource" ("CultureId", "Key", "Value") VALUES (3, 'Remember me?', 'Lembrar?');
INSERT INTO "Localization_Resource" ("CultureId", "Key", "Value") VALUES (3, 'Password', 'Senha');
INSERT INTO "Localization_Resource" ("CultureId", "Key", "Value") VALUES (3, 'Use a local account to log in.', 'Entre com seu usuário e senha ');
INSERT INTO "Localization_Resource" ("CultureId", "Key", "Value") VALUES (3, 'Register as a new user?', 'Cadastrar-se como novo usuário? ');
INSERT INTO "Localization_Resource" ("CultureId", "Key", "Value") VALUES (3, 'Forgot your password?', 'Esqueceu a senha?');
INSERT INTO "Localization_Resource" ("CultureId", "Key", "Value") VALUES (3, 'Use another service to log in.', 'Logar utilizando outro serviço');
INSERT INTO "Localization_Resource" ("CultureId", "Key", "Value") VALUES (3, 'Full name', 'Nome completo');
INSERT INTO "Localization_Resource" ("CultureId", "Key", "Value") VALUES (3, 'Confirm password', 'Confirmar senha');
INSERT INTO "Localization_Resource" ("CultureId", "Key", "Value") VALUES (3, 'Create a new account.', 'Criar uma conta.');
INSERT INTO "Localization_Resource" ("CultureId", "Key", "Value") VALUES (3, 'All', 'Todos');
INSERT INTO "Localization_Resource" ("CultureId", "Key", "Value") VALUES (3, 'Home', 'Início');
INSERT INTO "Localization_Resource" ("CultureId", "Key", "Value") VALUES (3, 'Add to cart', 'Adicionar ao carrinho');
INSERT INTO "Localization_Resource" ("CultureId", "Key", "Value") VALUES (3, 'Product detail', 'Detalhes do produto');
INSERT INTO "Localization_Resource" ("CultureId", "Key", "Value") VALUES (3, 'Product specification', 'Especificações do produto');
INSERT INTO "Localization_Resource" ("CultureId", "Key", "Value") VALUES (3, 'Rate this product', 'Avalie este produto');
INSERT INTO "Localization_Resource" ("CultureId", "Key", "Value") VALUES (3, 'Review comment', 'Comentário');
INSERT INTO "Localization_Resource" ("CultureId", "Key", "Value") VALUES (3, 'Review title', 'Título da avaliação');
INSERT INTO "Localization_Resource" ("CultureId", "Key", "Value") VALUES (3, 'Posted by', 'Postado pro');
INSERT INTO "Localization_Resource" ("CultureId", "Key", "Value") VALUES (3, 'Submit review', 'Enviar avaliação');
INSERT INTO "Localization_Resource" ("CultureId", "Key", "Value") VALUES (3, 'You have', 'Você tem');
INSERT INTO "Localization_Resource" ("CultureId", "Key", "Value") VALUES (3, 'products in your cart', 'produtos no carrinho');
INSERT INTO "Localization_Resource" ("CultureId", "Key", "Value") VALUES (3, 'Continue shopping', 'Continuar comprando');
INSERT INTO "Localization_Resource" ("CultureId", "Key", "Value") VALUES (3, 'View cart', 'Ver carrinho');
INSERT INTO "Localization_Resource" ("CultureId", "Key", "Value") VALUES (3, 'The product has been added to your cart', 'O produto foi adicionado ao carrinho');
INSERT INTO "Localization_Resource" ("CultureId", "Key", "Value") VALUES (3, 'Cart subtotal', 'Subtotal');
INSERT INTO "Localization_Resource" ("CultureId", "Key", "Value") VALUES (3, 'Shopping Cart', 'Carrinho de compras');
INSERT INTO "Localization_Resource" ("CultureId", "Key", "Value") VALUES (3, 'Product', 'Produto');
INSERT INTO "Localization_Resource" ("CultureId", "Key", "Value") VALUES (3, 'Price', 'Preço');
INSERT INTO "Localization_Resource" ("CultureId", "Key", "Value") VALUES (3, 'Quantity', 'Quantidade');
INSERT INTO "Localization_Resource" ("CultureId", "Key", "Value") VALUES (3, 'There are no items in this cart.', 'O carrinho está vazio.');
INSERT INTO "Localization_Resource" ("CultureId", "Key", "Value") VALUES (3, 'Go to shopping', 'a comprar');
INSERT INTO "Localization_Resource" ("CultureId", "Key", "Value") VALUES (3, 'Order summary', 'Resumo do pedido');
INSERT INTO "Localization_Resource" ("CultureId", "Key", "Value") VALUES (3, 'Subtotal', 'Subtotal');
INSERT INTO "Localization_Resource" ("CultureId", "Key", "Value") VALUES (3, 'Process to Checkout', 'Próxima etapa');
INSERT INTO "Localization_Resource" ("CultureId", "Key", "Value") VALUES (3, 'Shipping address', 'Endereço de entrega');
INSERT INTO "Localization_Resource" ("CultureId", "Key", "Value") VALUES (3, 'Add another address', 'Adicionar outro endereço');
INSERT INTO "Localization_Resource" ("CultureId", "Key", "Value") VALUES (3, 'Contact name', 'Nome completo');
INSERT INTO "Localization_Resource" ("CultureId", "Key", "Value") VALUES (3, 'Address', 'Endereço');
INSERT INTO "Localization_Resource" ("CultureId", "Key", "Value") VALUES (3, 'State or Province', 'Estado');
INSERT INTO "Localization_Resource" ("CultureId", "Key", "Value") VALUES (3, 'District', 'Cidade');
INSERT INTO "Localization_Resource" ("CultureId", "Key", "Value") VALUES (3, 'Phone', 'Telefone');
INSERT INTO "Localization_Resource" ("CultureId", "Key", "Value") VALUES (3, 'Order', 'Pedido');
INSERT INTO "Localization_Resource" ("CultureId", "Key", "Value") VALUES (3, 'products', 'produtos');
INSERT INTO "Localization_Resource" ("CultureId", "Key", "Value") VALUES (3, 'reviews', 'avaliações');
INSERT INTO "Localization_Resource" ("CultureId", "Key", "Value") VALUES (3, 'Add Review', 'Adicionar avaliação');
INSERT INTO "Localization_Resource" ("CultureId", "Key", "Value") VALUES (3, 'Customer reviews', 'Avaliações de quem comprou');
INSERT INTO "Localization_Resource" ("CultureId", "Key", "Value") VALUES (3, 'Your review will be showed within the next 24h.', 'Sua avaliação será publicada dentro de 24h.');
INSERT INTO "Localization_Resource" ("CultureId", "Key", "Value") VALUES (3, 'Thank you {0} for your review', 'Muito obrigado pela avaliação, {0}');
INSERT INTO "Localization_Resource" ("CultureId", "Key", "Value") VALUES (3, 'Rating average', 'Média das avaliações');
INSERT INTO "Localization_Resource" ("CultureId", "Key", "Value") VALUES (3, 'stars', 'estrelas');
INSERT INTO "Localization_Resource" ("CultureId", "Key", "Value") VALUES (3, 'Filter by', 'Filtrar por');
INSERT INTO "Localization_Resource" ("CultureId", "Key", "Value") VALUES (3, 'Category', 'Categoria');
INSERT INTO "Localization_Resource" ("CultureId", "Key", "Value") VALUES (3, 'Brand', 'Marca');
INSERT INTO "Localization_Resource" ("CultureId", "Key", "Value") VALUES (3, 'Sort by:', 'Ordenar por:');
INSERT INTO "Localization_Resource" ("CultureId", "Key", "Value") VALUES (3, 'results', 'resultados');

INSERT INTO "Localization_Resource" ("CultureId", "Key", "Value") VALUES (4, 'Register', 'Зареєструватися');
INSERT INTO "Localization_Resource" ("CultureId", "Key", "Value") VALUES (4, 'Hello {0}!', 'Вітаємо, {0}!');
INSERT INTO "Localization_Resource" ("CultureId", "Key", "Value") VALUES (4, 'Log i', 'Увійти');
INSERT INTO "Localization_Resource" ("CultureId", "Key", "Value") VALUES (4, 'Log off', 'Вийти');
INSERT INTO "Localization_Resource" ("CultureId", "Key", "Value") VALUES (4, 'The Email field is required.', 'Поле «Електронна пошта» є обов’язковим.');
INSERT INTO "Localization_Resource" ("CultureId", "Key", "Value") VALUES (4, 'Email', 'Електронна пошта');
INSERT INTO "Localization_Resource" ("CultureId", "Key", "Value") VALUES (4, 'User List', 'Список користувачів');
INSERT INTO "Localization_Resource" ("CultureId", "Key", "Value") VALUES (4, 'Remember me?', 'Запам’ятати мене?');
INSERT INTO "Localization_Resource" ("CultureId", "Key", "Value") VALUES (4, 'Password', 'Пароль');
INSERT INTO "Localization_Resource" ("CultureId", "Key", "Value") VALUES (4, 'Use a local account to log in.', 'Використати локальний акаунт для входу.');
INSERT INTO "Localization_Resource" ("CultureId", "Key", "Value") VALUES (4, 'Register as a new user?', 'Зареєструватися як новий користувач?');
INSERT INTO "Localization_Resource" ("CultureId", "Key", "Value") VALUES (4, 'Forgot your password?', 'Забули свій пароль?');
INSERT INTO "Localization_Resource" ("CultureId", "Key", "Value") VALUES (4, 'Use another service to log in.', 'Використати інший сервіс для входу.');
INSERT INTO "Localization_Resource" ("CultureId", "Key", "Value") VALUES (4, 'Full name', 'Повне ім’я');
INSERT INTO "Localization_Resource" ("CultureId", "Key", "Value") VALUES (4, 'Confirm password', 'Підтвердження паролю');
INSERT INTO "Localization_Resource" ("CultureId", "Key", "Value") VALUES (4, 'Create a new account.', 'Створити новий акаунт.');
INSERT INTO "Localization_Resource" ("CultureId", "Key", "Value") VALUES (4, 'All', 'Всі');
INSERT INTO "Localization_Resource" ("CultureId", "Key", "Value") VALUES (4, 'Home', 'Головна');
INSERT INTO "Localization_Resource" ("CultureId", "Key", "Value") VALUES (4, 'Add to cart', 'Додати до кошику');
INSERT INTO "Localization_Resource" ("CultureId", "Key", "Value") VALUES (4, 'Product detail', 'Деталі товару');
INSERT INTO "Localization_Resource" ("CultureId", "Key", "Value") VALUES (4, 'Product specificatio', 'Специфікація товару');
INSERT INTO "Localization_Resource" ("CultureId", "Key", "Value") VALUES (4, 'Rate this product', 'Оцінити цей продукт');
INSERT INTO "Localization_Resource" ("CultureId", "Key", "Value") VALUES (4, 'Review comment', 'Текст відгуку');
INSERT INTO "Localization_Resource" ("CultureId", "Key", "Value") VALUES (4, 'Review title', 'Заголовок відгуку');
INSERT INTO "Localization_Resource" ("CultureId", "Key", "Value") VALUES (4, 'Posted by', 'Автор');
INSERT INTO "Localization_Resource" ("CultureId", "Key", "Value") VALUES (4, 'Submit review', 'Надіслати відгук');
INSERT INTO "Localization_Resource" ("CultureId", "Key", "Value") VALUES (4, 'You have', 'Ви маєте');
INSERT INTO "Localization_Resource" ("CultureId", "Key", "Value") VALUES (4, 'products in your cart', 'товарів у кошику');
INSERT INTO "Localization_Resource" ("CultureId", "Key", "Value") VALUES (4, 'Continue shopping', 'Tiếp tục mua sắm');
INSERT INTO "Localization_Resource" ("CultureId", "Key", "Value") VALUES (4, 'View cart', 'Переглянути кошик');
INSERT INTO "Localization_Resource" ("CultureId", "Key", "Value") VALUES (4, 'The product has been added to your cart', 'Товар було додано до кошику');
INSERT INTO "Localization_Resource" ("CultureId", "Key", "Value") VALUES (4, 'Cart subtotal', 'Проміжний підсумок');
INSERT INTO "Localization_Resource" ("CultureId", "Key", "Value") VALUES (4, 'Shopping Cart', 'Кошик');
INSERT INTO "Localization_Resource" ("CultureId", "Key", "Value") VALUES (4, 'Product', 'Товар');
INSERT INTO "Localization_Resource" ("CultureId", "Key", "Value") VALUES (4, 'Price', 'Ціна');
INSERT INTO "Localization_Resource" ("CultureId", "Key", "Value") VALUES (4, 'Quantity', 'Кількість');
INSERT INTO "Localization_Resource" ("CultureId", "Key", "Value") VALUES (4, 'There are no items in this cart.', 'Товарів у кошику немає');
INSERT INTO "Localization_Resource" ("CultureId", "Key", "Value") VALUES (4, 'Go to shopping', 'Продовжити покупки');
INSERT INTO "Localization_Resource" ("CultureId", "Key", "Value") VALUES (4, 'Order summary', 'Підсумок замовлення');
INSERT INTO "Localization_Resource" ("CultureId", "Key", "Value") VALUES (4, 'Subtotal', 'Підсумок');
INSERT INTO "Localization_Resource" ("CultureId", "Key", "Value") VALUES (4, 'Process to Checkout', 'Оформити замовлення');
INSERT INTO "Localization_Resource" ("CultureId", "Key", "Value") VALUES (4, 'Shipping address', 'Адреса доставки');
INSERT INTO "Localization_Resource" ("CultureId", "Key", "Value") VALUES (4, 'Add another address', 'Додати іншу адресу');
INSERT INTO "Localization_Resource" ("CultureId", "Key", "Value") VALUES (4, 'Contact name', 'Контактне ім’я ');
INSERT INTO "Localization_Resource" ("CultureId", "Key", "Value") VALUES (4, 'Address', 'Адреса');
INSERT INTO "Localization_Resource" ("CultureId", "Key", "Value") VALUES (4, 'State or Province', 'Область або край');
INSERT INTO "Localization_Resource" ("CultureId", "Key", "Value") VALUES (4, 'District', 'Район');
INSERT INTO "Localization_Resource" ("CultureId", "Key", "Value") VALUES (4, 'Phone', 'Телефон');
INSERT INTO "Localization_Resource" ("CultureId", "Key", "Value") VALUES (4, 'Order', 'Замовлення');
INSERT INTO "Localization_Resource" ("CultureId", "Key", "Value") VALUES (4, 'products', 'товари');
INSERT INTO "Localization_Resource" ("CultureId", "Key", "Value") VALUES (4, 'reviews', 'відгуки');
INSERT INTO "Localization_Resource" ("CultureId", "Key", "Value") VALUES (4, 'Add Review', 'Додати відгук');
INSERT INTO "Localization_Resource" ("CultureId", "Key", "Value") VALUES (4, 'Customer reviews', 'Відгуки покупців');
INSERT INTO "Localization_Resource" ("CultureId", "Key", "Value") VALUES (4, 'Your review will be showed within the next 24h.', 'Ваш відгук буде опубліковано впродовж наступних 24 годин.');
INSERT INTO "Localization_Resource" ("CultureId", "Key", "Value") VALUES (4, 'Thank you {0} for your review', 'Дякуємо {0} за ваш відгук');
INSERT INTO "Localization_Resource" ("CultureId", "Key", "Value") VALUES (4, 'Rating average', 'Середня оцінка');
INSERT INTO "Localization_Resource" ("CultureId", "Key", "Value") VALUES (4, 'stars', 'зірочок');
INSERT INTO "Localization_Resource" ("CultureId", "Key", "Value") VALUES (4, 'Filter by', 'Фільтрувати за');
INSERT INTO "Localization_Resource" ("CultureId", "Key", "Value") VALUES (4, 'Category', 'Категорія');
INSERT INTO "Localization_Resource" ("CultureId", "Key", "Value") VALUES (4, 'Brand', 'Бренд');
INSERT INTO "Localization_Resource" ("CultureId", "Key", "Value") VALUES (4, 'Sort by:', 'Сортувати за:');
INSERT INTO "Localization_Resource" ("CultureId", "Key", "Value") VALUES (4, 'results', 'результати');

INSERT INTO "Localization_Resource" ("CultureId", "Key", "Value") VALUES (5, 'Register', 'Зарегистрироваться');
INSERT INTO "Localization_Resource" ("CultureId", "Key", "Value") VALUES (5, 'Hello {0}!', 'Поздравляем, {0}!');
INSERT INTO "Localization_Resource" ("CultureId", "Key", "Value") VALUES (5, 'Log i', 'Войти');
INSERT INTO "Localization_Resource" ("CultureId", "Key", "Value") VALUES (5, 'Log off', 'Выйти');
INSERT INTO "Localization_Resource" ("CultureId", "Key", "Value") VALUES (5, 'The Email field is required.', 'Поле «Электронная почта» является обязательным.');
INSERT INTO "Localization_Resource" ("CultureId", "Key", "Value") VALUES (5, 'Email', 'Электронная почта');
INSERT INTO "Localization_Resource" ("CultureId", "Key", "Value") VALUES (5, 'User List', 'Список пользователей');
INSERT INTO "Localization_Resource" ("CultureId", "Key", "Value") VALUES (5, 'Remember me?', 'Запомнить меня?');
INSERT INTO "Localization_Resource" ("CultureId", "Key", "Value") VALUES (5, 'Password', 'Пароль');
INSERT INTO "Localization_Resource" ("CultureId", "Key", "Value") VALUES (5, 'Use a local account to log in.', 'Использовать локальный аккаунт для входа.');
INSERT INTO "Localization_Resource" ("CultureId", "Key", "Value") VALUES (5, 'Register as a new user?', 'Зарегистрироваться как новый пользователь?');
INSERT INTO "Localization_Resource" ("CultureId", "Key", "Value") VALUES (5, 'Forgot your password?', 'Забыли свой пароль?');
INSERT INTO "Localization_Resource" ("CultureId", "Key", "Value") VALUES (5, 'Use another service to log in.', 'Использовать другой сервис для входа.');
INSERT INTO "Localization_Resource" ("CultureId", "Key", "Value") VALUES (5, 'Full name', 'Полное имя');
INSERT INTO "Localization_Resource" ("CultureId", "Key", "Value") VALUES (5, 'Confirm password', 'Подтверждение пароля');
INSERT INTO "Localization_Resource" ("CultureId", "Key", "Value") VALUES (5, 'Create a new account.', 'Создать новый аккаунт.');
INSERT INTO "Localization_Resource" ("CultureId", "Key", "Value") VALUES (5, 'All', 'Все');
INSERT INTO "Localization_Resource" ("CultureId", "Key", "Value") VALUES (5, 'Home', 'Главная');
INSERT INTO "Localization_Resource" ("CultureId", "Key", "Value") VALUES (5, 'Add to cart', 'Добавить в корзину');
INSERT INTO "Localization_Resource" ("CultureId", "Key", "Value") VALUES (5, 'Product detail', 'Детали товара');
INSERT INTO "Localization_Resource" ("CultureId", "Key", "Value") VALUES (5, 'Product specificatio', 'Спецификация товара');
INSERT INTO "Localization_Resource" ("CultureId", "Key", "Value") VALUES (5, 'Rate this product', 'Оценить этот товар');
INSERT INTO "Localization_Resource" ("CultureId", "Key", "Value") VALUES (5, 'Review comment', 'Текст отзыва');
INSERT INTO "Localization_Resource" ("CultureId", "Key", "Value") VALUES (5, 'Review title', 'Заголовок отзыва');
INSERT INTO "Localization_Resource" ("CultureId", "Key", "Value") VALUES (5, 'Posted by', 'Автор');
INSERT INTO "Localization_Resource" ("CultureId", "Key", "Value") VALUES (5, 'Submit review', 'Отправить отзыв');
INSERT INTO "Localization_Resource" ("CultureId", "Key", "Value") VALUES (5, 'You have', 'У вас');
INSERT INTO "Localization_Resource" ("CultureId", "Key", "Value") VALUES (5, 'products in your cart', 'товаров в корзине');
INSERT INTO "Localization_Resource" ("CultureId", "Key", "Value") VALUES (5, 'Continue shopping', 'Продолжить покупки');
INSERT INTO "Localization_Resource" ("CultureId", "Key", "Value") VALUES (5, 'View cart', 'Просмотр корзины');
INSERT INTO "Localization_Resource" ("CultureId", "Key", "Value") VALUES (5, 'The product has been added to your cart', 'Товар был добавлен в корзину');
INSERT INTO "Localization_Resource" ("CultureId", "Key", "Value") VALUES (5, 'Cart subtotal', 'Промежуточный итог');
INSERT INTO "Localization_Resource" ("CultureId", "Key", "Value") VALUES (5, 'Shopping Cart', 'Корзина');
INSERT INTO "Localization_Resource" ("CultureId", "Key", "Value") VALUES (5, 'Product', 'Товар');
INSERT INTO "Localization_Resource" ("CultureId", "Key", "Value") VALUES (5, 'Price', 'Цена');
INSERT INTO "Localization_Resource" ("CultureId", "Key", "Value") VALUES (5, 'Quantity', 'Количество');
INSERT INTO "Localization_Resource" ("CultureId", "Key", "Value") VALUES (5, 'There are no items in this cart.', 'Товаров в корзине нет');
INSERT INTO "Localization_Resource" ("CultureId", "Key", "Value") VALUES (5, 'Go to shopping', 'Продолжить покупки');
INSERT INTO "Localization_Resource" ("CultureId", "Key", "Value") VALUES (5, 'Order summary', 'Итог заказа');
INSERT INTO "Localization_Resource" ("CultureId", "Key", "Value") VALUES (5, 'Subtotal', 'Итого');
INSERT INTO "Localization_Resource" ("CultureId", "Key", "Value") VALUES (5, 'Process to Checkout', 'Оформить заказ');
INSERT INTO "Localization_Resource" ("CultureId", "Key", "Value") VALUES (5, 'Shipping address', 'Адрес доставки');
INSERT INTO "Localization_Resource" ("CultureId", "Key", "Value") VALUES (5, 'Add another address', 'Добавить другой адрес');
INSERT INTO "Localization_Resource" ("CultureId", "Key", "Value") VALUES (5, 'Contact name', 'Контактное имя');
INSERT INTO "Localization_Resource" ("CultureId", "Key", "Value") VALUES (5, 'Address', 'Адрес');
INSERT INTO "Localization_Resource" ("CultureId", "Key", "Value") VALUES (5, 'State or Province', 'Область или край');
INSERT INTO "Localization_Resource" ("CultureId", "Key", "Value") VALUES (5, 'District', 'Район');
INSERT INTO "Localization_Resource" ("CultureId", "Key", "Value") VALUES (5, 'Phone', 'Телефон');
INSERT INTO "Localization_Resource" ("CultureId", "Key", "Value") VALUES (5, 'Order', 'Заказ');
INSERT INTO "Localization_Resource" ("CultureId", "Key", "Value") VALUES (5, 'products', 'товары');
INSERT INTO "Localization_Resource" ("CultureId", "Key", "Value") VALUES (5, 'reviews', 'отзывы');
INSERT INTO "Localization_Resource" ("CultureId", "Key", "Value") VALUES (5, 'Add Review', 'Добавить отзыв');
INSERT INTO "Localization_Resource" ("CultureId", "Key", "Value") VALUES (5, 'Customer reviews', 'Отзывы покупателей');
INSERT INTO "Localization_Resource" ("CultureId", "Key", "Value") VALUES (5, 'Your review will be showed within the next 24h.', 'Ваш отзыв будет опубликован в течении следующих 24 часов.');
INSERT INTO "Localization_Resource" ("CultureId", "Key", "Value") VALUES (5, 'Thank you {0} for your review', 'Спасибо {0} за ваш отзыв');
INSERT INTO "Localization_Resource" ("CultureId", "Key", "Value") VALUES (5, 'Rating average', 'Средняя оценка');
INSERT INTO "Localization_Resource" ("CultureId", "Key", "Value") VALUES (5, 'stars', 'звездочек');
INSERT INTO "Localization_Resource" ("CultureId", "Key", "Value") VALUES (5, 'Filter by', 'Фильтровать по');
INSERT INTO "Localization_Resource" ("CultureId", "Key", "Value") VALUES (5, 'Category', 'Категория');
INSERT INTO "Localization_Resource" ("CultureId", "Key", "Value") VALUES (5, 'Brand', 'Бренд');
INSERT INTO "Localization_Resource" ("CultureId", "Key", "Value") VALUES (5, 'Sort by:', 'Сортировать по:');
INSERT INTO "Localization_Resource" ("CultureId", "Key", "Value") VALUES (5, 'results', 'результаты');

INSERT INTO "Localization_Resource" ("CultureId", "Key", "Value") VALUES (6, 'Register', 'تسجيل');
INSERT INTO "Localization_Resource" ("CultureId", "Key", "Value") VALUES (6, 'Hello {0}!', '!{0} مرحبا');
INSERT INTO "Localization_Resource" ("CultureId", "Key", "Value") VALUES (6, 'Log in', 'دخول');
INSERT INTO "Localization_Resource" ("CultureId", "Key", "Value") VALUES (6, 'Log off', 'خروج');
INSERT INTO "Localization_Resource" ("CultureId", "Key", "Value") VALUES (6, 'The Email field is required.', 'البريد الإلكتروني إلزامي.');
INSERT INTO "Localization_Resource" ("CultureId", "Key", "Value") VALUES (6, 'Email', 'البريد الإلكتروني');
INSERT INTO "Localization_Resource" ("CultureId", "Key", "Value") VALUES (6, 'User List', 'قائمة المستخدمين');
INSERT INTO "Localization_Resource" ("CultureId", "Key", "Value") VALUES (6, 'Remember me?', 'حفظ البيانات؟');
INSERT INTO "Localization_Resource" ("CultureId", "Key", "Value") VALUES (6, 'Password', 'كلمة المرور');
INSERT INTO "Localization_Resource" ("CultureId", "Key", "Value") VALUES (6, 'Use a local account to log in.', 'استخدم حسابا محليا لتسجيل الدخول.');
INSERT INTO "Localization_Resource" ("CultureId", "Key", "Value") VALUES (6, 'Register as a new user?', 'سجل كمستخدم جديد؟');
INSERT INTO "Localization_Resource" ("CultureId", "Key", "Value") VALUES (6, 'Forgot your password?', 'هل نسيت كلمة المرور؟');
INSERT INTO "Localization_Resource" ("CultureId", "Key", "Value") VALUES (6, 'Use another service to log in.', 'استخدام خدمة أخرى للاتصال.');
INSERT INTO "Localization_Resource" ("CultureId", "Key", "Value") VALUES (6, 'Full name', 'الاسم الكامل');
INSERT INTO "Localization_Resource" ("CultureId", "Key", "Value") VALUES (6, 'Confirm password', 'تأكيد كلمة السر');
INSERT INTO "Localization_Resource" ("CultureId", "Key", "Value") VALUES (6, 'Create a new account.', 'إنشاء حساب جديد.');
INSERT INTO "Localization_Resource" ("CultureId", "Key", "Value") VALUES (6, 'All', 'جميع');
INSERT INTO "Localization_Resource" ("CultureId", "Key", "Value") VALUES (6, 'Home', 'الرئيسية');
INSERT INTO "Localization_Resource" ("CultureId", "Key", "Value") VALUES (6, 'Add to cart', 'أضف إلى العربة');
INSERT INTO "Localization_Resource" ("CultureId", "Key", "Value") VALUES (6, 'Product detail', 'تفاصيل المنتج');
INSERT INTO "Localization_Resource" ("CultureId", "Key", "Value") VALUES (6, 'Product specification', 'مواصفات المنتج');
INSERT INTO "Localization_Resource" ("CultureId", "Key", "Value") VALUES (6, 'Rate this product', 'تقيم هذا المنتج');
INSERT INTO "Localization_Resource" ("CultureId", "Key", "Value") VALUES (6, 'Review comment', 'مراجعة تعليق');
INSERT INTO "Localization_Resource" ("CultureId", "Key", "Value") VALUES (6, 'Review title', 'مراجعة عنوان ');
INSERT INTO "Localization_Resource" ("CultureId", "Key", "Value") VALUES (6, 'Posted by', 'أرسلت بواسطة');
INSERT INTO "Localization_Resource" ("CultureId", "Key", "Value") VALUES (6, 'Submit review', 'إرسال التعليق');
INSERT INTO "Localization_Resource" ("CultureId", "Key", "Value") VALUES (6, 'You have', 'عندكم');
INSERT INTO "Localization_Resource" ("CultureId", "Key", "Value") VALUES (6, 'products in your cart', 'المنتجات في عربة التسوق');
INSERT INTO "Localization_Resource" ("CultureId", "Key", "Value") VALUES (6, 'Continue shopping', 'تابع عملية الشراء');
INSERT INTO "Localization_Resource" ("CultureId", "Key", "Value") VALUES (6, 'View cart', 'عرض عربة التسوق');
INSERT INTO "Localization_Resource" ("CultureId", "Key", "Value") VALUES (6, 'The product has been added to your cart', 'تمت إضافة هذا المنتج الى عربة التسوق');
INSERT INTO "Localization_Resource" ("CultureId", "Key", "Value") VALUES (6, 'Cart subtotal', 'المجموع الفرعي لعربة التسوق');
INSERT INTO "Localization_Resource" ("CultureId", "Key", "Value") VALUES (6, 'Shopping Cart', 'عــربــة التســـوق');
INSERT INTO "Localization_Resource" ("CultureId", "Key", "Value") VALUES (6, 'Product', 'المنتج');
INSERT INTO "Localization_Resource" ("CultureId", "Key", "Value") VALUES (6, 'Price', 'السعر');
INSERT INTO "Localization_Resource" ("CultureId", "Key", "Value") VALUES (6, 'Quantity', 'الكمية');
INSERT INTO "Localization_Resource" ("CultureId", "Key", "Value") VALUES (6, 'There are no items in this cart.', 'لا توجد أي عناصر في سلة التسوق الخاصة بك.');
INSERT INTO "Localization_Resource" ("CultureId", "Key", "Value") VALUES (6, 'Go to shopping', 'الذهاب للتسوق');
INSERT INTO "Localization_Resource" ("CultureId", "Key", "Value") VALUES (6, 'Order summary', 'ملخص ترتيب');
INSERT INTO "Localization_Resource" ("CultureId", "Key", "Value") VALUES (6, 'Subtotal', 'المجموع الفرعي');
INSERT INTO "Localization_Resource" ("CultureId", "Key", "Value") VALUES (6, 'Process to Checkout', 'عملية الدفع');
INSERT INTO "Localization_Resource" ("CultureId", "Key", "Value") VALUES (6, 'Shipping address', 'عنوان التسليم');
INSERT INTO "Localization_Resource" ("CultureId", "Key", "Value") VALUES (6, 'Add another address', 'إضافة عنوان آخر');
INSERT INTO "Localization_Resource" ("CultureId", "Key", "Value") VALUES (6, 'Contact name', 'اسم جهة الاتصال');
INSERT INTO "Localization_Resource" ("CultureId", "Key", "Value") VALUES (6, 'Address', 'عنوان');
INSERT INTO "Localization_Resource" ("CultureId", "Key", "Value") VALUES (6, 'State or Province', 'الدولة أو المنطقة');
INSERT INTO "Localization_Resource" ("CultureId", "Key", "Value") VALUES (6, 'District', 'مقاطعة');
INSERT INTO "Localization_Resource" ("CultureId", "Key", "Value") VALUES (6, 'Phone', 'هاتف');
INSERT INTO "Localization_Resource" ("CultureId", "Key", "Value") VALUES (6, 'Order', 'طلب');
INSERT INTO "Localization_Resource" ("CultureId", "Key", "Value") VALUES (6, 'products', 'المنتجات');
INSERT INTO "Localization_Resource" ("CultureId", "Key", "Value") VALUES (6, 'reviews', 'رأي');
INSERT INTO "Localization_Resource" ("CultureId", "Key", "Value") VALUES (6, 'Add Review', 'إضافة تعليق');
INSERT INTO "Localization_Resource" ("CultureId", "Key", "Value") VALUES (6, 'Customer reviews', 'التعليقات');
INSERT INTO "Localization_Resource" ("CultureId", "Key", "Value") VALUES (6, 'Your review will be showed within the next 24h.', 'سيتم عرض تعليقك في ال 24 ساعة القادمة.');
INSERT INTO "Localization_Resource" ("CultureId", "Key", "Value") VALUES (6, 'Thank you {0} for your review', 'شكرا لك {0} لتعليقك');
INSERT INTO "Localization_Resource" ("CultureId", "Key", "Value") VALUES (6, 'Rating average', 'متوسط تصنيف العملاء');
INSERT INTO "Localization_Resource" ("CultureId", "Key", "Value") VALUES (6, 'stars', 'النجوم');
INSERT INTO "Localization_Resource" ("CultureId", "Key", "Value") VALUES (6, 'Filter by', 'مصنف بواسطة');
INSERT INTO "Localization_Resource" ("CultureId", "Key", "Value") VALUES (6, 'Category', 'الفئة');
INSERT INTO "Localization_Resource" ("CultureId", "Key", "Value") VALUES (6, 'Brand', 'العلامة التجارية');
INSERT INTO "Localization_Resource" ("CultureId", "Key", "Value") VALUES (6, 'Sort by:', 'الترتيب حسب:');
INSERT INTO "Localization_Resource" ("CultureId", "Key", "Value") VALUES (6, 'results', 'النتائج');
INSERT INTO "Localization_Resource" ("CultureId", "Key", "Value") VALUES (6, 'View options', 'عرض الخيارات');
INSERT INTO "Localization_Resource" ("CultureId", "Key", "Value") VALUES (6, 'Name', 'الاسم');
INSERT INTO "Localization_Resource" ("CultureId", "Key", "Value") VALUES (6, 'FullName', 'الاسم واللقب');
INSERT INTO "Localization_Resource" ("CultureId", "Key", "Value") VALUES (6, 'Associate your {0} account.', '.{ربط حساب {0');
INSERT INTO "Localization_Resource" ("CultureId", "Key", "Value") VALUES (6, 'Users', 'المستخدمون');
INSERT INTO "Localization_Resource" ("CultureId", "Key", "Value") VALUES (6, 'Vendors', 'الباعة');
INSERT INTO "Localization_Resource" ("CultureId", "Key", "Value") VALUES (6, 'Reviews', 'التعليقات');
INSERT INTO "Localization_Resource" ("CultureId", "Key", "Value") VALUES (6, 'Products', 'منتجات');
INSERT INTO "Localization_Resource" ("CultureId", "Key", "Value") VALUES (6, 'Categories', 'الاقسام');
INSERT INTO "Localization_Resource" ("CultureId", "Key", "Value") VALUES (6, 'Brands', 'العلامات التجارية');
INSERT INTO "Localization_Resource" ("CultureId", "Key", "Value") VALUES (6, 'Product Options', 'خيارات المنتج');
INSERT INTO "Localization_Resource" ("CultureId", "Key", "Value") VALUES (6, 'Product Attribute', 'سمة المنتج');
INSERT INTO "Localization_Resource" ("CultureId", "Key", "Value") VALUES (6, 'Product Attribute Groups', 'مجموعات سمات المنتج');
INSERT INTO "Localization_Resource" ("CultureId", "Key", "Value") VALUES (6, 'Product Templates', 'قوالب المنتج');
INSERT INTO "Localization_Resource" ("CultureId", "Key", "Value") VALUES (6, 'Sales', 'مبيعات');
INSERT INTO "Localization_Resource" ("CultureId", "Key", "Value") VALUES (6, 'Orders', 'أوامر');
INSERT INTO "Localization_Resource" ("CultureId", "Key", "Value") VALUES (6, 'Content Management', 'ادارة المحتوى');
INSERT INTO "Localization_Resource" ("CultureId", "Key", "Value") VALUES (6, 'Pages', 'الصفحات');
INSERT INTO "Localization_Resource" ("CultureId", "Key", "Value") VALUES (6, 'Widgets', 'الحاجيات');
INSERT INTO "Localization_Resource" ("CultureId", "Key", "Value") VALUES (6, 'System', 'النظام');
INSERT INTO "Localization_Resource" ("CultureId", "Key", "Value") VALUES (6, 'Configuration', 'ترتيب');
INSERT INTO "Localization_Resource" ("CultureId", "Key", "Value") VALUES (6, 'Translations', 'الترجمات');
INSERT INTO "Localization_Resource" ("CultureId", "Key", "Value") VALUES (6, 'Dashboard', 'لوحة القيادة');
INSERT INTO "Localization_Resource" ("CultureId", "Key", "Value") VALUES (6, 'Incomplete orders', 'أوامر غير مكتملة');
INSERT INTO "Localization_Resource" ("CultureId", "Key", "Value") VALUES (6, 'Pending reviews', 'في انتظار المراجعة');
INSERT INTO "Localization_Resource" ("CultureId", "Key", "Value") VALUES (6, 'Most searched keywords', 'معظم كلمات البحث');
INSERT INTO "Localization_Resource" ("CultureId", "Key", "Value") VALUES (6, 'Most viewed products', 'معظم المنتجات المعروضة');
INSERT INTO "Localization_Resource" ("CultureId", "Key", "Value") VALUES (6, 'OrderId', 'رقم التعريف الخاص بالطلب');
INSERT INTO "Localization_Resource" ("CultureId", "Key", "Value") VALUES (6, 'Order Status', 'حالة الطلب');
INSERT INTO "Localization_Resource" ("CultureId", "Key", "Value") VALUES (6, 'Customer', 'العميل');
INSERT INTO "Localization_Resource" ("CultureId", "Key", "Value") VALUES (6, 'Created On', 'تم إنشاؤها على');
INSERT INTO "Localization_Resource" ("CultureId", "Key", "Value") VALUES (6, 'SubTotal', 'المجموع الفرعي');
INSERT INTO "Localization_Resource" ("CultureId", "Key", "Value") VALUES (6, 'Actions', 'الإجراءات');
INSERT INTO "Localization_Resource" ("CultureId", "Key", "Value") VALUES (6, 'Site', 'موقع');
INSERT INTO "Localization_Resource" ("CultureId", "Key", "Value") VALUES (6, 'Catalog', 'فهرس');
INSERT INTO "Localization_Resource" ("CultureId", "Key", "Value") VALUES (6, 'Title', 'عنوان');
INSERT INTO "Localization_Resource" ("CultureId", "Key", "Value") VALUES (6, 'Comment', 'تعليق');
INSERT INTO "Localization_Resource" ("CultureId", "Key", "Value") VALUES (6, 'Status', 'الحالة');
INSERT INTO "Localization_Resource" ("CultureId", "Key", "Value") VALUES (6, 'Rating', 'تقييم');
INSERT INTO "Localization_Resource" ("CultureId", "Key", "Value") VALUES (6, 'Keyword', 'كلمة مفتاحية');
INSERT INTO "Localization_Resource" ("CultureId", "Key", "Value") VALUES (6, 'Count', 'إحصاء');
INSERT INTO "Localization_Resource" ("CultureId", "Key", "Value") VALUES (6, 'Create User', 'إنشاء مستخدم');
INSERT INTO "Localization_Resource" ("CultureId", "Key", "Value") VALUES (6, 'FullName', 'الاسم الكامل');
INSERT INTO "Localization_Resource" ("CultureId", "Key", "Value") VALUES (6, 'Roles', 'الأدوار');
INSERT INTO "Localization_Resource" ("CultureId", "Key", "Value") VALUES (6, 'Edit User', 'تحرير العضو');
INSERT INTO "Localization_Resource" ("CultureId", "Key", "Value") VALUES (6, 'Manager of Vendor', 'مدير المورد');
INSERT INTO "Localization_Resource" ("CultureId", "Key", "Value") VALUES (6, 'Save', 'حفظ');
INSERT INTO "Localization_Resource" ("CultureId", "Key", "Value") VALUES (6, 'Cancel', 'إلغاء');
INSERT INTO "Localization_Resource" ("CultureId", "Key", "Value") VALUES (6, 'Phone Number', 'رقم الهاتف');
INSERT INTO "Localization_Resource" ("CultureId", "Key", "Value") VALUES (6, 'Create Vendor', N'إنشاء مورد');
INSERT INTO "Localization_Resource" ("CultureId", "Key", "Value") VALUES (6, 'Is Active', N'نشط');
INSERT INTO "Localization_Resource" ("CultureId", "Key", "Value") VALUES (6, 'Edit Vendor', 'تعديل المورد');
INSERT INTO "Localization_Resource" ("CultureId", "Key", "Value") VALUES (6, 'Managers', 'المدراء');
INSERT INTO "Localization_Resource" ("CultureId", "Key", "Value") VALUES (6, 'Description', 'وصف');
INSERT INTO "Localization_Resource" ("CultureId", "Key", "Value") VALUES (6, 'Pending', 'قيد الانتظار');
INSERT INTO "Localization_Resource" ("CultureId", "Key", "Value") VALUES (6, 'Approved', 'مقبول');
INSERT INTO "Localization_Resource" ("CultureId", "Key", "Value") VALUES (6, 'Not Approved', 'غير مقبول');
INSERT INTO "Localization_Resource" ("CultureId", "Key", "Value") VALUES (6, 'Approve', 'يوافق');
INSERT INTO "Localization_Resource" ("CultureId", "Key", "Value") VALUES (6, 'Create Product', 'إنشاء منتج');
INSERT INTO "Localization_Resource" ("CultureId", "Key", "Value") VALUES (6, 'Has Options', 'لديه خيارات');
INSERT INTO "Localization_Resource" ("CultureId", "Key", "Value") VALUES (6, 'Is Visible Individually', 'مرئية بشكل فردي');
INSERT INTO "Localization_Resource" ("CultureId", "Key", "Value") VALUES (6, 'Is Featured', 'هي واردة');
INSERT INTO "Localization_Resource" ("CultureId", "Key", "Value") VALUES (6, 'Is Allowed To Order', 'مسموح به للطلب');
INSERT INTO "Localization_Resource" ("CultureId", "Key", "Value") VALUES (6, 'Is Called For Pricing', 'هو دعا للتسعير');
INSERT INTO "Localization_Resource" ("CultureId", "Key", "Value") VALUES (6, 'Stock Quantity', 'كمية المخزون');
INSERT INTO "Localization_Resource" ("CultureId", "Key", "Value") VALUES (6, 'Is Published', 'يتم نشر');
INSERT INTO "Localization_Resource" ("CultureId", "Key", "Value") VALUES (6, 'Yes', 'نعم');
INSERT INTO "Localization_Resource" ("CultureId", "Key", "Value") VALUES (6, 'No', 'لا');
INSERT INTO "Localization_Resource" ("CultureId", "Key", "Value") VALUES (6, 'Edit Product', 'تحرير المنتج');
INSERT INTO "Localization_Resource" ("CultureId", "Key", "Value") VALUES (6, 'Product Name', 'اسم المنتج');
INSERT INTO "Localization_Resource" ("CultureId", "Key", "Value") VALUES (6, 'Short Description', 'وصف قصير');
INSERT INTO "Localization_Resource" ("CultureId", "Key", "Value") VALUES (6, 'Specification', 'تخصيص');
INSERT INTO "Localization_Resource" ("CultureId", "Key", "Value") VALUES (6, 'Old Price', 'سعر قديم');
INSERT INTO "Localization_Resource" ("CultureId", "Key", "Value") VALUES (6, 'Special Price', 'سعر خاص');
INSERT INTO "Localization_Resource" ("CultureId", "Key", "Value") VALUES (6, 'Special Price Start', 'بدء سعر خاص');
INSERT INTO "Localization_Resource" ("CultureId", "Key", "Value") VALUES (6, 'Special Price End', 'إنهاء سعر خاص');
INSERT INTO "Localization_Resource" ("CultureId", "Key", "Value") VALUES (6, 'Thumbnail', 'صورة مصغرة');
INSERT INTO "Localization_Resource" ("CultureId", "Key", "Value") VALUES (6, 'Product Images', 'صور المنتج');
INSERT INTO "Localization_Resource" ("CultureId", "Key", "Value") VALUES (6, 'Product Documents', 'وثائق المنتج');
INSERT INTO "Localization_Resource" ("CultureId", "Key", "Value") VALUES (6, 'Out Of Stock', 'إنتهى من المخزن');
INSERT INTO "Localization_Resource" ("CultureId", "Key", "Value") VALUES (6, 'Available Options', 'الخيارات المتاحة');
INSERT INTO "Localization_Resource" ("CultureId", "Key", "Value") VALUES (6, 'Add Option', 'إضافة خيار');
INSERT INTO "Localization_Resource" ("CultureId", "Key", "Value") VALUES (6, 'Option Values', 'قيم الخيار');
INSERT INTO "Localization_Resource" ("CultureId", "Key", "Value") VALUES (6, 'Delete Option', 'حذف الخيار');
INSERT INTO "Localization_Resource" ("CultureId", "Key", "Value") VALUES (6, 'Generate Combinations', 'إنشاء مجموعات');
INSERT INTO "Localization_Resource" ("CultureId", "Key", "Value") VALUES (6, 'Product Variations', 'اختلافات المنتج');
INSERT INTO "Localization_Resource" ("CultureId", "Key", "Value") VALUES (6, 'Option Combinations', 'تركيبات الخيار');
INSERT INTO "Localization_Resource" ("CultureId", "Key", "Value") VALUES (6, 'Images', 'الصور');
INSERT INTO "Localization_Resource" ("CultureId", "Key", "Value") VALUES (6, 'Apply', 'تطبيق');
INSERT INTO "Localization_Resource" ("CultureId", "Key", "Value") VALUES (6, 'Available Attributes', 'السمات المتاحة');
INSERT INTO "Localization_Resource" ("CultureId", "Key", "Value") VALUES (6, 'Add Attribute', 'اضف ميزة');
INSERT INTO "Localization_Resource" ("CultureId", "Key", "Value") VALUES (6, 'Product Attributes', 'سمات المنتج');
INSERT INTO "Localization_Resource" ("CultureId", "Key", "Value") VALUES (6, 'Attribute Name', 'اسم السمة');
INSERT INTO "Localization_Resource" ("CultureId", "Key", "Value") VALUES (6, 'Value', 'القيمة');
INSERT INTO "Localization_Resource" ("CultureId", "Key", "Value") VALUES (6, 'General Information', 'معلومات عامة');
INSERT INTO "Localization_Resource" ("CultureId", "Key", "Value") VALUES (6, 'Category Mapping', 'تعيين الفئة');
INSERT INTO "Localization_Resource" ("CultureId", "Key", "Value") VALUES (6, 'Related Products', 'منتجات ذات صله');
INSERT INTO "Localization_Resource" ("CultureId", "Key", "Value") VALUES (6, 'Manage Related Products', 'إدارة المنتجات ذات الصلة');
INSERT INTO "Localization_Resource" ("CultureId", "Key", "Value") VALUES (6, 'Create Category', 'إنشاء الفئة');
INSERT INTO "Localization_Resource" ("CultureId", "Key", "Value") VALUES (6, 'Edit Category', 'تحرير الفئة');
INSERT INTO "Localization_Resource" ("CultureId", "Key", "Value") VALUES (6, 'Create Brand', 'إنشاء علامة تجارية');
INSERT INTO "Localization_Resource" ("CultureId", "Key", "Value") VALUES (6, 'Edit Brand', 'تحرير العلامة التجارية');
INSERT INTO "Localization_Resource" ("CultureId", "Key", "Value") VALUES (6, 'Name', 'اسم');
INSERT INTO "Localization_Resource" ("CultureId", "Key", "Value") VALUES (6, 'Parent Category', 'القسم الرئيسي');
INSERT INTO "Localization_Resource" ("CultureId", "Key", "Value") VALUES (6, 'Group', 'مجموعة');
INSERT INTO "Localization_Resource" ("CultureId", "Key", "Value") VALUES (6, 'Create Product Attribute', 'إنشاء سمة المنتج');
INSERT INTO "Localization_Resource" ("CultureId", "Key", "Value") VALUES (6, 'Edit Product Attribute', 'تعديل سمة المنتج');
INSERT INTO "Localization_Resource" ("CultureId", "Key", "Value") VALUES (6, 'Create Product Attribute Group', 'إنشاء مجموعة سمات المنتج');
INSERT INTO "Localization_Resource" ("CultureId", "Key", "Value") VALUES (6, 'Edit Product Attribute Group', 'تحرير مجموعة سمة المنتج');
INSERT INTO "Localization_Resource" ("CultureId", "Key", "Value") VALUES (6, 'Create Product Option', 'إنشاء المنتج الخيار');
INSERT INTO "Localization_Resource" ("CultureId", "Key", "Value") VALUES (6, 'Edit Product Option', 'تحرير المنتج الخيار');
INSERT INTO "Localization_Resource" ("CultureId", "Key", "Value") VALUES (6, 'Create Product Display Widget', 'إنشاء عرض المنتج القطعة');
INSERT INTO "Localization_Resource" ("CultureId", "Key", "Value") VALUES (6, 'Edit Product Display Widget', 'تحرير القطعة عرض المنتج');
INSERT INTO "Localization_Resource" ("CultureId", "Key", "Value") VALUES (6, 'Widget Name', 'اسم التطبيق المصغر');
INSERT INTO "Localization_Resource" ("CultureId", "Key", "Value") VALUES (6, 'Widget Zone', 'مجال التطبيق المصغر');
INSERT INTO "Localization_Resource" ("CultureId", "Key", "Value") VALUES (6, 'Publish Start', N'بدء النشر');
INSERT INTO "Localization_Resource" ("CultureId", "Key", "Value") VALUES (6, 'Publish End', 'إنهاء النشر');
INSERT INTO "Localization_Resource" ("CultureId", "Key", "Value") VALUES (6, 'Number of Products', 'عدد المنتجات');
INSERT INTO "Localization_Resource" ("CultureId", "Key", "Value") VALUES (6, 'Order By', 'ترتيب حسب');
INSERT INTO "Localization_Resource" ("CultureId", "Key", "Value") VALUES (6, 'Create Product Template', 'إنشاء قالب المنتج');
INSERT INTO "Localization_Resource" ("CultureId", "Key", "Value") VALUES (6, 'Edit Product Template', 'تحرير قالب المنتج');
INSERT INTO "Localization_Resource" ("CultureId", "Key", "Value") VALUES (6, 'Added Attributes', 'تمت إضافة سمات');
INSERT INTO "Localization_Resource" ("CultureId", "Key", "Value") VALUES (6, 'Back', 'الى الخلف');
INSERT INTO "Localization_Resource" ("CultureId", "Key", "Value") VALUES (6, 'Order Detail', 'تفاصيل الأمر');
INSERT INTO "Localization_Resource" ("CultureId", "Key", "Value") VALUES (6, 'Order Information', 'معلومات الطلب');
INSERT INTO "Localization_Resource" ("CultureId", "Key", "Value") VALUES (6, 'Change', 'تغيير');
INSERT INTO "Localization_Resource" ("CultureId", "Key", "Value") VALUES (6, 'Product Information', 'معلومات المنتج');
INSERT INTO "Localization_Resource" ("CultureId", "Key", "Value") VALUES (6, 'Shipping Information', 'معلومات الشحن');
INSERT INTO "Localization_Resource" ("CultureId", "Key", "Value") VALUES (6, 'Application Settings', 'إعدادات التطبيق');
INSERT INTO "Localization_Resource" ("CultureId", "Key", "Value") VALUES (6, 'Create Page', 'إنشاء صفحة');
INSERT INTO "Localization_Resource" ("CultureId", "Key", "Value") VALUES (6, 'Edit Page', 'تعديل الصفحة');
INSERT INTO "Localization_Resource" ("CultureId", "Key", "Value") VALUES (6, 'Body', 'الجسم');
INSERT INTO "Localization_Resource" ("CultureId", "Key", "Value") VALUES (6, 'Account Dashboard', 'لوحة حساب');
INSERT INTO "Localization_Resource" ("CultureId", "Key", "Value") VALUES (6, 'Account Information', 'معلومات الحساب');
INSERT INTO "Localization_Resource" ("CultureId", "Key", "Value") VALUES (6, 'Edit', N'تصحيح');
INSERT INTO "Localization_Resource" ("CultureId", "Key", "Value") VALUES (6, 'Security', 'الأمان');
INSERT INTO "Localization_Resource" ("CultureId", "Key", "Value") VALUES (6, 'Create', 'إحداث');
INSERT INTO "Localization_Resource" ("CultureId", "Key", "Value") VALUES (6, 'External Logins', 'تسجيل الدخول الخارجي');
INSERT INTO "Localization_Resource" ("CultureId", "Key", "Value") VALUES (6, 'Manage', 'إدارة');
INSERT INTO "Localization_Resource" ("CultureId", "Key", "Value") VALUES (6, 'Default shipping address', 'عنوان الشحن الافتراضي');
INSERT INTO "Localization_Resource" ("CultureId", "Key", "Value") VALUES (6, 'Manage address', 'إدارة العنوان');
INSERT INTO "Localization_Resource" ("CultureId", "Key", "Value") VALUES (6, 'You don''t have any default address', 'ليس لديك أي عنوان افتراضي');
INSERT INTO "Localization_Resource" ("CultureId", "Key", "Value") VALUES (6, 'Order History', 'تاريخ الطلب');
INSERT INTO "Localization_Resource" ("CultureId", "Key", "Value") VALUES (6, 'Address Book', 'دليل العناوين');
INSERT INTO "Localization_Resource" ("CultureId", "Key", "Value") VALUES (6, 'Add Address', 'اضف عنوان');
INSERT INTO "Localization_Resource" ("CultureId", "Key", "Value") VALUES (6, 'Delete', 'حذف');
INSERT INTO "Localization_Resource" ("CultureId", "Key", "Value") VALUES (6, 'Set as default shipping address', 'تعيين عنوان الشحن الافتراضي');
INSERT INTO "Localization_Resource" ("CultureId", "Key", "Value") VALUES (6, 'Edit Address', 'تعديل العنوان');
INSERT INTO "Localization_Resource" ("CultureId", "Key", "Value") VALUES (6, 'Create Address', 'إنشاء عنوان');
INSERT INTO "Localization_Resource" ("CultureId", "Key", "Value") VALUES (6, 'Your account', 'الحساب الخاص بك');
INSERT INTO "Localization_Resource" ("CultureId", "Key", "Value") VALUES (6, 'Date', 'تاريخ')

INSERT INTO "Localization_Resource" ("CultureId", "Key", "Value") VALUES (7, 'Register', '레지스터');
INSERT INTO "Localization_Resource" ("CultureId", "Key", "Value") VALUES (7, 'Hello {0}!', '안녕하세요 {0}!');
INSERT INTO "Localization_Resource" ("CultureId", "Key", "Value") VALUES (7, 'Log in', '로그인');
INSERT INTO "Localization_Resource" ("CultureId", "Key", "Value") VALUES (7, 'Log off', '로그 오프');
INSERT INTO "Localization_Resource" ("CultureId", "Key", "Value") VALUES (7, 'The Email field is required.', '이메일 입력란은 필수 항목입니다.');
INSERT INTO "Localization_Resource" ("CultureId", "Key", "Value") VALUES (7, 'Email', '이메일');
INSERT INTO "Localization_Resource" ("CultureId", "Key", "Value") VALUES (7, 'User List', '사용자 목록');
INSERT INTO "Localization_Resource" ("CultureId", "Key", "Value") VALUES (7, 'Remember me?', '날 기억해?');
INSERT INTO "Localization_Resource" ("CultureId", "Key", "Value") VALUES (7, 'Password', '암호');
INSERT INTO "Localization_Resource" ("CultureId", "Key", "Value") VALUES (7, 'Use a local account to log in.', '로그인하려면 로컬 계정을 사용하십시오.');
INSERT INTO "Localization_Resource" ("CultureId", "Key", "Value") VALUES (7, 'Register as a new user?', '새로운 사용자로 등록 하시겠습니까?');
INSERT INTO "Localization_Resource" ("CultureId", "Key", "Value") VALUES (7, 'Forgot your password?', '비밀번호를 잊어 버렸습니까?');
INSERT INTO "Localization_Resource" ("CultureId", "Key", "Value") VALUES (7, 'Use another service to log in.', '다른 서비스를 사용하여 로그인하십시오.');
INSERT INTO "Localization_Resource" ("CultureId", "Key", "Value") VALUES (7, 'Full name', '성명');
INSERT INTO "Localization_Resource" ("CultureId", "Key", "Value") VALUES (7, 'Confirm password', '비밀번호 확인');
INSERT INTO "Localization_Resource" ("CultureId", "Key", "Value") VALUES (7, 'Create a new account.', '새 계정 생성.');
INSERT INTO "Localization_Resource" ("CultureId", "Key", "Value") VALUES (7, 'All', '모든');
INSERT INTO "Localization_Resource" ("CultureId", "Key", "Value") VALUES (7, 'Home', '홈');
INSERT INTO "Localization_Resource" ("CultureId", "Key", "Value") VALUES (7, 'Add to cart', '장바구니에 담기');
INSERT INTO "Localization_Resource" ("CultureId", "Key", "Value") VALUES (7, 'Product detail', '제품 세부 정보');
INSERT INTO "Localization_Resource" ("CultureId", "Key", "Value") VALUES (7, 'Product specification', '제품 사양');
INSERT INTO "Localization_Resource" ("CultureId", "Key", "Value") VALUES (7, 'Rate this product', '이 제품 평가하기');
INSERT INTO "Localization_Resource" ("CultureId", "Key", "Value") VALUES (7, 'Review comment', '댓글 검토');
INSERT INTO "Localization_Resource" ("CultureId", "Key", "Value") VALUES (7, 'Review title', '리뷰 제목 ');
INSERT INTO "Localization_Resource" ("CultureId", "Key", "Value") VALUES (7, 'Posted by', '게시자');
INSERT INTO "Localization_Resource" ("CultureId", "Key", "Value") VALUES (7, 'Submit review', '리뷰 제출');
INSERT INTO "Localization_Resource" ("CultureId", "Key", "Value") VALUES (7, 'You have', '너는 가지고있다.');
INSERT INTO "Localization_Resource" ("CultureId", "Key", "Value") VALUES (7, 'products in your cart', '장바구니의 제품');
INSERT INTO "Localization_Resource" ("CultureId", "Key", "Value") VALUES (7, 'Continue shopping', '쇼핑을 계속');
INSERT INTO "Localization_Resource" ("CultureId", "Key", "Value") VALUES (7, 'View cart', '장바구니보기');
INSERT INTO "Localization_Resource" ("CultureId", "Key", "Value") VALUES (7, 'The product has been added to your cart', '상품이 장바구니에 추가되었습니다.');
INSERT INTO "Localization_Resource" ("CultureId", "Key", "Value") VALUES (7, 'Cart subtotal', '장바구니 소계');
INSERT INTO "Localization_Resource" ("CultureId", "Key", "Value") VALUES (7, 'Shopping Cart', '쇼핑 카트');
INSERT INTO "Localization_Resource" ("CultureId", "Key", "Value") VALUES (7, 'Product', '생성물');
INSERT INTO "Localization_Resource" ("CultureId", "Key", "Value") VALUES (7, 'Price', '가격');
INSERT INTO "Localization_Resource" ("CultureId", "Key", "Value") VALUES (7, 'Quantity', '수량');
INSERT INTO "Localization_Resource" ("CultureId", "Key", "Value") VALUES (7, 'There are no items in this cart.', '장바구니에 항목이 없습니다.');
INSERT INTO "Localization_Resource" ("CultureId", "Key", "Value") VALUES (7, 'Go to shopping', '쇼핑 가다');
INSERT INTO "Localization_Resource" ("CultureId", "Key", "Value") VALUES (7, 'Order summary', '주문 요약');
INSERT INTO "Localization_Resource" ("CultureId", "Key", "Value") VALUES (7, 'Subtotal', '소계');
INSERT INTO "Localization_Resource" ("CultureId", "Key", "Value") VALUES (7, 'Process to Checkout', '프로세스를 체크 아웃하는 중');
INSERT INTO "Localization_Resource" ("CultureId", "Key", "Value") VALUES (7, 'Shipping address', '배송 주소');
INSERT INTO "Localization_Resource" ("CultureId", "Key", "Value") VALUES (7, 'Add another address', '다른 주소 추가');
INSERT INTO "Localization_Resource" ("CultureId", "Key", "Value") VALUES (7, 'Contact name', '담당자 이름');
INSERT INTO "Localization_Resource" ("CultureId", "Key", "Value") VALUES (7, 'Address', '주소');
INSERT INTO "Localization_Resource" ("CultureId", "Key", "Value") VALUES (7, 'State or Province', '국가 또는 지방');
INSERT INTO "Localization_Resource" ("CultureId", "Key", "Value") VALUES (7, 'District', '지구');
INSERT INTO "Localization_Resource" ("CultureId", "Key", "Value") VALUES (7, 'Phone', '전화');
INSERT INTO "Localization_Resource" ("CultureId", "Key", "Value") VALUES (7, 'Order', '주문');
INSERT INTO "Localization_Resource" ("CultureId", "Key", "Value") VALUES (7, 'products', '제작품');
INSERT INTO "Localization_Resource" ("CultureId", "Key", "Value") VALUES (7, 'reviews', '리뷰');
INSERT INTO "Localization_Resource" ("CultureId", "Key", "Value") VALUES (7, 'Add Review', '검토 추가');
INSERT INTO "Localization_Resource" ("CultureId", "Key", "Value") VALUES (7, 'Customer reviews', '고객 리뷰');
INSERT INTO "Localization_Resource" ("CultureId", "Key", "Value") VALUES (7, 'Your review will be showed within the next 24h.', '귀하의 리뷰는 다음 24 시간 이내에 보여 질 것입니다.');
INSERT INTO "Localization_Resource" ("CultureId", "Key", "Value") VALUES (7, 'Thank you {0} for your review', '귀하의 검토를 위해 {0} 주셔서 감사합니다.');
INSERT INTO "Localization_Resource" ("CultureId", "Key", "Value") VALUES (7, 'Rating average', '평점 평균');
INSERT INTO "Localization_Resource" ("CultureId", "Key", "Value") VALUES (7, 'stars', '별');
INSERT INTO "Localization_Resource" ("CultureId", "Key", "Value") VALUES (7, 'Filter by', '필터링 기준');
INSERT INTO "Localization_Resource" ("CultureId", "Key", "Value") VALUES (7, 'Category', '범주');
INSERT INTO "Localization_Resource" ("CultureId", "Key", "Value") VALUES (7, 'Brand', '상표');
INSERT INTO "Localization_Resource" ("CultureId", "Key", "Value") VALUES (7, 'Sort by:', '정렬 기준 :');
INSERT INTO "Localization_Resource" ("CultureId", "Key", "Value") VALUES (7, 'results', '결과');
INSERT INTO "Localization_Resource" ("CultureId", "Key", "Value") VALUES (7, 'View options', '보기 옵션');
INSERT INTO "Localization_Resource" ("CultureId", "Key", "Value") VALUES (7, 'Name', '이름');
INSERT INTO "Localization_Resource" ("CultureId", "Key", "Value") VALUES (7, 'FullName', '성명');
INSERT INTO "Localization_Resource" ("CultureId", "Key", "Value") VALUES (7, 'Associate your {0} account.', '{0} 계정을 연결하십시오.');
INSERT INTO "Localization_Resource" ("CultureId", "Key", "Value") VALUES (7, 'Users', '사용자');
INSERT INTO "Localization_Resource" ("CultureId", "Key", "Value") VALUES (7, 'Vendors', '공급 업체');
INSERT INTO "Localization_Resource" ("CultureId", "Key", "Value") VALUES (7, 'Reviews', '리뷰');
INSERT INTO "Localization_Resource" ("CultureId", "Key", "Value") VALUES (7, 'Products', '제작품');
INSERT INTO "Localization_Resource" ("CultureId", "Key", "Value") VALUES (7, 'Categories', '카테고리');
INSERT INTO "Localization_Resource" ("CultureId", "Key", "Value") VALUES (7, 'Brands', '브랜드');
INSERT INTO "Localization_Resource" ("CultureId", "Key", "Value") VALUES (7, 'Product Options', '제품 옵션');
INSERT INTO "Localization_Resource" ("CultureId", "Key", "Value") VALUES (7, 'Product Attribute', '제품 속성');
INSERT INTO "Localization_Resource" ("CultureId", "Key", "Value") VALUES (7, 'Product Attribute Groups', '제품 속성 그룹');
INSERT INTO "Localization_Resource" ("CultureId", "Key", "Value") VALUES (7, 'Product Templates', '제품 템플릿');
INSERT INTO "Localization_Resource" ("CultureId", "Key", "Value") VALUES (7, 'Sales', '매상');
INSERT INTO "Localization_Resource" ("CultureId", "Key", "Value") VALUES (7, 'Orders', '명령');
INSERT INTO "Localization_Resource" ("CultureId", "Key", "Value") VALUES (7, 'Content Management', '콘텐츠 관리');
INSERT INTO "Localization_Resource" ("CultureId", "Key", "Value") VALUES (7, 'Pages', '페이지');
INSERT INTO "Localization_Resource" ("CultureId", "Key", "Value") VALUES (7, 'Widgets', '위젯');
INSERT INTO "Localization_Resource" ("CultureId", "Key", "Value") VALUES (7, 'System', '체계');
INSERT INTO "Localization_Resource" ("CultureId", "Key", "Value") VALUES (7, 'Configuration', '구성');
INSERT INTO "Localization_Resource" ("CultureId", "Key", "Value") VALUES (7, 'Translations', '번역');
INSERT INTO "Localization_Resource" ("CultureId", "Key", "Value") VALUES (7, 'Dashboard', '계기반');
INSERT INTO "Localization_Resource" ("CultureId", "Key", "Value") VALUES (7, 'Incomplete orders', '불완전 주문');
INSERT INTO "Localization_Resource" ("CultureId", "Key", "Value") VALUES (7, 'Pending reviews', '검토 대기 중');
INSERT INTO "Localization_Resource" ("CultureId", "Key", "Value") VALUES (7, 'Most searched keywords', '대부분의 검색 키워드');
INSERT INTO "Localization_Resource" ("CultureId", "Key", "Value") VALUES (7, 'Most viewed products', '가장 많이 본 제품');
INSERT INTO "Localization_Resource" ("CultureId", "Key", "Value") VALUES (7, 'OrderId', '주문 아이디');
INSERT INTO "Localization_Resource" ("CultureId", "Key", "Value") VALUES (7, 'Order Status', '주문 상태');
INSERT INTO "Localization_Resource" ("CultureId", "Key", "Value") VALUES (7, 'Customer', '고객');
INSERT INTO "Localization_Resource" ("CultureId", "Key", "Value") VALUES (7, 'Created On', '생성 일');
INSERT INTO "Localization_Resource" ("CultureId", "Key", "Value") VALUES (7, 'SubTotal', '소계');
INSERT INTO "Localization_Resource" ("CultureId", "Key", "Value") VALUES (7, 'Actions', '행위');
INSERT INTO "Localization_Resource" ("CultureId", "Key", "Value") VALUES (7, 'Site', '대지');
INSERT INTO "Localization_Resource" ("CultureId", "Key", "Value") VALUES (7, 'Catalog', '목록');
INSERT INTO "Localization_Resource" ("CultureId", "Key", "Value") VALUES (7, 'Title', '표제');
INSERT INTO "Localization_Resource" ("CultureId", "Key", "Value") VALUES (7, 'Comment', '논평');
INSERT INTO "Localization_Resource" ("CultureId", "Key", "Value") VALUES (7, 'Status', '지위');
INSERT INTO "Localization_Resource" ("CultureId", "Key", "Value") VALUES (7, 'Rating', '평가');
INSERT INTO "Localization_Resource" ("CultureId", "Key", "Value") VALUES (7, 'Keyword', '예어');
INSERT INTO "Localization_Resource" ("CultureId", "Key", "Value") VALUES (7, 'Count', '카운트');
INSERT INTO "Localization_Resource" ("CultureId", "Key", "Value") VALUES (7, 'Create User', '사용자 생성');
INSERT INTO "Localization_Resource" ("CultureId", "Key", "Value") VALUES (7, 'FullName', '성명');
INSERT INTO "Localization_Resource" ("CultureId", "Key", "Value") VALUES (7, 'Roles', '역할');
INSERT INTO "Localization_Resource" ("CultureId", "Key", "Value") VALUES (7, 'Edit User', '사용자 편집');
INSERT INTO "Localization_Resource" ("CultureId", "Key", "Value") VALUES (7, 'Manager of Vendor', '공급 업체 관리자');
INSERT INTO "Localization_Resource" ("CultureId", "Key", "Value") VALUES (7, 'Save', '구하다');
INSERT INTO "Localization_Resource" ("CultureId", "Key", "Value") VALUES (7, 'Cancel', '취소');
INSERT INTO "Localization_Resource" ("CultureId", "Key", "Value") VALUES (7, 'Phone Number', '전화 번호');
INSERT INTO "Localization_Resource" ("CultureId", "Key", "Value") VALUES (7, 'Create Vendor', '공급 업체 만들기');
INSERT INTO "Localization_Resource" ("CultureId", "Key", "Value") VALUES (7, 'Is Active', '활성 상태입니다.');
INSERT INTO "Localization_Resource" ("CultureId", "Key", "Value") VALUES (7, 'Edit Vendor', '공급 업체 편집');
INSERT INTO "Localization_Resource" ("CultureId", "Key", "Value") VALUES (7, 'Managers', '관리자');
INSERT INTO "Localization_Resource" ("CultureId", "Key", "Value") VALUES (7, 'Description', '기술');
INSERT INTO "Localization_Resource" ("CultureId", "Key", "Value") VALUES (7, 'Pending', '대기중인');
INSERT INTO "Localization_Resource" ("CultureId", "Key", "Value") VALUES (7, 'Approved', '승인 됨');
INSERT INTO "Localization_Resource" ("CultureId", "Key", "Value") VALUES (7, 'Not Approved', '승인이 거절 됨');
INSERT INTO "Localization_Resource" ("CultureId", "Key", "Value") VALUES (7, 'Approve', '승인하다');
INSERT INTO "Localization_Resource" ("CultureId", "Key", "Value") VALUES (7, 'Create Product', '제품 생성');
INSERT INTO "Localization_Resource" ("CultureId", "Key", "Value") VALUES (7, 'Has Options', '옵션 있음');
INSERT INTO "Localization_Resource" ("CultureId", "Key", "Value") VALUES (7, 'Is Visible Individually', '개별적으로 보입니다.');
INSERT INTO "Localization_Resource" ("CultureId", "Key", "Value") VALUES (7, 'Is Featured', '추천');
INSERT INTO "Localization_Resource" ("CultureId", "Key", "Value") VALUES (7, 'Is Allowed To Order', '주문이 가능하다.');
INSERT INTO "Localization_Resource" ("CultureId", "Key", "Value") VALUES (7, 'Is Called For Pricing', '가격 책정');
INSERT INTO "Localization_Resource" ("CultureId", "Key", "Value") VALUES (7, 'Stock Quantity', '재고 수량');
INSERT INTO "Localization_Resource" ("CultureId", "Key", "Value") VALUES (7, 'Is Published', '게시 됨');
INSERT INTO "Localization_Resource" ("CultureId", "Key", "Value") VALUES (7, 'Yes', '예');
INSERT INTO "Localization_Resource" ("CultureId", "Key", "Value") VALUES (7, 'No', '아니오!');
INSERT INTO "Localization_Resource" ("CultureId", "Key", "Value") VALUES (7, 'Edit Product', '제품 편집');
INSERT INTO "Localization_Resource" ("CultureId", "Key", "Value") VALUES (7, 'Product Name', '상품명');
INSERT INTO "Localization_Resource" ("CultureId", "Key", "Value") VALUES (7, 'Short Description', '간단한 설명');
INSERT INTO "Localization_Resource" ("CultureId", "Key", "Value") VALUES (7, 'Specification', '사양');
INSERT INTO "Localization_Resource" ("CultureId", "Key", "Value") VALUES (7, 'Old Price', '이전 가격');
INSERT INTO "Localization_Resource" ("CultureId", "Key", "Value") VALUES (7, 'Special Price', '특별가');
INSERT INTO "Localization_Resource" ("CultureId", "Key", "Value") VALUES (7, 'Special Price Start', '특별가 시작');
INSERT INTO "Localization_Resource" ("CultureId", "Key", "Value") VALUES (7, 'Special Price End', '특별 가격 끝');
INSERT INTO "Localization_Resource" ("CultureId", "Key", "Value") VALUES (7, 'Thumbnail', '미리보기 이미지');
INSERT INTO "Localization_Resource" ("CultureId", "Key", "Value") VALUES (7, 'Product Images', '제품 이미지');
INSERT INTO "Localization_Resource" ("CultureId", "Key", "Value") VALUES (7, 'Product Documents', '제품 문서');
INSERT INTO "Localization_Resource" ("CultureId", "Key", "Value") VALUES (7, 'Out Of Stock', '품절');
INSERT INTO "Localization_Resource" ("CultureId", "Key", "Value") VALUES (7, 'Available Options', '사용 가능한 옵션');
INSERT INTO "Localization_Resource" ("CultureId", "Key", "Value") VALUES (7, 'Add Option', '옵션 추가');
INSERT INTO "Localization_Resource" ("CultureId", "Key", "Value") VALUES (7, 'Option Values', '옵션 값');
INSERT INTO "Localization_Resource" ("CultureId", "Key", "Value") VALUES (7, 'Delete Option', '삭제 옵션');
INSERT INTO "Localization_Resource" ("CultureId", "Key", "Value") VALUES (7, 'Generate Combinations', '조합 생성');
INSERT INTO "Localization_Resource" ("CultureId", "Key", "Value") VALUES (7, 'Product Variations', '제품 변형');
INSERT INTO "Localization_Resource" ("CultureId", "Key", "Value") VALUES (7, 'Option Combinations', '옵션 조합');
INSERT INTO "Localization_Resource" ("CultureId", "Key", "Value") VALUES (7, 'Images', '이미지');
INSERT INTO "Localization_Resource" ("CultureId", "Key", "Value") VALUES (7, 'Apply', '대다');
INSERT INTO "Localization_Resource" ("CultureId", "Key", "Value") VALUES (7, 'Available Attributes', '사용 가능한 속성');
INSERT INTO "Localization_Resource" ("CultureId", "Key", "Value") VALUES (7, 'Add Attribute', '속성 추가');
INSERT INTO "Localization_Resource" ("CultureId", "Key", "Value") VALUES (7, 'Product Attributes', '제품 속성');
INSERT INTO "Localization_Resource" ("CultureId", "Key", "Value") VALUES (7, 'Attribute Name', '속성 이름');
INSERT INTO "Localization_Resource" ("CultureId", "Key", "Value") VALUES (7, 'Value', '값');
INSERT INTO "Localization_Resource" ("CultureId", "Key", "Value") VALUES (7, 'General Information', '일반 정보');
INSERT INTO "Localization_Resource" ("CultureId", "Key", "Value") VALUES (7, 'Category Mapping', '범주 매핑');
INSERT INTO "Localization_Resource" ("CultureId", "Key", "Value") VALUES (7, 'Related Products', '관련 상품');
INSERT INTO "Localization_Resource" ("CultureId", "Key", "Value") VALUES (7, 'Manage Related Products', '관련 제품 관리');
INSERT INTO "Localization_Resource" ("CultureId", "Key", "Value") VALUES (7, 'Create Category', '카테고리 생성');
INSERT INTO "Localization_Resource" ("CultureId", "Key", "Value") VALUES (7, 'Edit Category', '카테고리 편집');
INSERT INTO "Localization_Resource" ("CultureId", "Key", "Value") VALUES (7, 'Create Brand', '브랜드 만들기');
INSERT INTO "Localization_Resource" ("CultureId", "Key", "Value") VALUES (7, 'Edit Brand', '브랜드 편집');
INSERT INTO "Localization_Resource" ("CultureId", "Key", "Value") VALUES (7, 'Name', '이름');
INSERT INTO "Localization_Resource" ("CultureId", "Key", "Value") VALUES (7, 'Parent Category', '상위 카테고리');
INSERT INTO "Localization_Resource" ("CultureId", "Key", "Value") VALUES (7, 'Group', '그룹');
INSERT INTO "Localization_Resource" ("CultureId", "Key", "Value") VALUES (7, 'Create Product Attribute', '제품 속성 생성');
INSERT INTO "Localization_Resource" ("CultureId", "Key", "Value") VALUES (7, 'Edit Product Attribute', '제품 속성 편집');
INSERT INTO "Localization_Resource" ("CultureId", "Key", "Value") VALUES (7, 'Create Product Attribute Group', '제품 속성 그룹 생성');
INSERT INTO "Localization_Resource" ("CultureId", "Key", "Value") VALUES (7, 'Edit Product Attribute Group', '제품 속성 그룹 편집');
INSERT INTO "Localization_Resource" ("CultureId", "Key", "Value") VALUES (7, 'Create Product Option', '제품 생성 옵션');
INSERT INTO "Localization_Resource" ("CultureId", "Key", "Value") VALUES (7, 'Edit Product Option', '제품 옵션 편집');
INSERT INTO "Localization_Resource" ("CultureId", "Key", "Value") VALUES (7, 'Create Product Display Widget', '제품 디스플레이 위젯 만들기t');
INSERT INTO "Localization_Resource" ("CultureId", "Key", "Value") VALUES (7, 'Edit Product Display Widget', '제품 표시 위젯 편집');
INSERT INTO "Localization_Resource" ("CultureId", "Key", "Value") VALUES (7, 'Widget Name', '위젯 이름');
INSERT INTO "Localization_Resource" ("CultureId", "Key", "Value") VALUES (7, 'Widget Zone', '위젯 영역');
INSERT INTO "Localization_Resource" ("CultureId", "Key", "Value") VALUES (7, 'Publish Start', '게시 시작');
INSERT INTO "Localization_Resource" ("CultureId", "Key", "Value") VALUES (7, 'Publish End', '게시 종료');
INSERT INTO "Localization_Resource" ("CultureId", "Key", "Value") VALUES (7, 'Number of Products', '제품 수');
INSERT INTO "Localization_Resource" ("CultureId", "Key", "Value") VALUES (7, 'Order By', '주문');
INSERT INTO "Localization_Resource" ("CultureId", "Key", "Value") VALUES (7, 'Create Product Template', '제품 템플릿 만들기');
INSERT INTO "Localization_Resource" ("CultureId", "Key", "Value") VALUES (7, 'Edit Product Template', '제품 템플릿 편집');
INSERT INTO "Localization_Resource" ("CultureId", "Key", "Value") VALUES (7, 'Added Attributes', '추가 된 속성');
INSERT INTO "Localization_Resource" ("CultureId", "Key", "Value") VALUES (7, 'Back', '뒤로');
INSERT INTO "Localization_Resource" ("CultureId", "Key", "Value") VALUES (7, 'Order Detail', '주문 세부 정보');
INSERT INTO "Localization_Resource" ("CultureId", "Key", "Value") VALUES (7, 'Order Information', '주문 정보');
INSERT INTO "Localization_Resource" ("CultureId", "Key", "Value") VALUES (7, 'Change', '변화');
INSERT INTO "Localization_Resource" ("CultureId", "Key", "Value") VALUES (7, 'Product Information', '물품 정보');
INSERT INTO "Localization_Resource" ("CultureId", "Key", "Value") VALUES (7, 'Shipping Information', '배송 정보');
INSERT INTO "Localization_Resource" ("CultureId", "Key", "Value") VALUES (7, 'Application Settings', '응용 프로그램 설정');
INSERT INTO "Localization_Resource" ("CultureId", "Key", "Value") VALUES (7, 'Create Page', '페이지 만들기');
INSERT INTO "Localization_Resource" ("CultureId", "Key", "Value") VALUES (7, 'Edit Page', '페이지 편집');
INSERT INTO "Localization_Resource" ("CultureId", "Key", "Value") VALUES (7, 'Body', '신체');
INSERT INTO "Localization_Resource" ("CultureId", "Key", "Value") VALUES (7, 'Account Dashboard', '계정 대시 보드');
INSERT INTO "Localization_Resource" ("CultureId", "Key", "Value") VALUES (7, 'Account Information', '계정 정보');
INSERT INTO "Localization_Resource" ("CultureId", "Key", "Value") VALUES (7, 'Edit', '편집하다');
INSERT INTO "Localization_Resource" ("CultureId", "Key", "Value") VALUES (7, 'Security', '보안');
INSERT INTO "Localization_Resource" ("CultureId", "Key", "Value") VALUES (7, 'Create', '몹시 떠들어 대다');
INSERT INTO "Localization_Resource" ("CultureId", "Key", "Value") VALUES (7, 'External Logins', '외부 로그인');
INSERT INTO "Localization_Resource" ("CultureId", "Key", "Value") VALUES (7, 'Manage', '꾸리다');
INSERT INTO "Localization_Resource" ("CultureId", "Key", "Value") VALUES (7, 'Default shipping address', '기본 배송 주소');
INSERT INTO "Localization_Resource" ("CultureId", "Key", "Value") VALUES (7, 'Manage address', '주소 관리');
INSERT INTO "Localization_Resource" ("CultureId", "Key", "Value") VALUES (7, 'You don''t have any default address', '기본 주소가 없습니다.');
INSERT INTO "Localization_Resource" ("CultureId", "Key", "Value") VALUES (7, 'Order History', '주문 내역');
INSERT INTO "Localization_Resource" ("CultureId", "Key", "Value") VALUES (7, 'Address Book', '주소록');
INSERT INTO "Localization_Resource" ("CultureId", "Key", "Value") VALUES (7, 'Add Address', '주소 추가');
INSERT INTO "Localization_Resource" ("CultureId", "Key", "Value") VALUES (7, 'Delete', '지우다');
INSERT INTO "Localization_Resource" ("CultureId", "Key", "Value") VALUES (7, 'Set as default shipping address', '기본 배송 주소로 설정');
INSERT INTO "Localization_Resource" ("CultureId", "Key", "Value") VALUES (7, 'Edit Address', '주소 수정');
INSERT INTO "Localization_Resource" ("CultureId", "Key", "Value") VALUES (7, 'Create Address', '주소 생성');
INSERT INTO "Localization_Resource" ("CultureId", "Key", "Value") VALUES (7, 'Your account', '귀하의 계정');
INSERT INTO "Localization_Resource" ("CultureId", "Key", "Value") VALUES (7, 'Date', '날짜');

