SET IDENTITY_INSERT [dbo].[Core_AppSetting] ON 
INSERT [dbo].[Core_AppSetting] ([Id], [Key], [Value]) VALUES (1, N'Catalog.ProductPageSize', N'10')
INSERT [dbo].[Core_AppSetting] ([Id], [Key], [Value]) VALUES (2, N'Global.AssetVersion', N'1.0')
INSERT [dbo].[Core_AppSetting] ([Id], [Key], [Value]) VALUES (3, N'News.PageSize', N'10')
INSERT [dbo].[Core_AppSetting] ([Id], [Key], [Value]) VALUES (4, N'GoogleAppKey', N'AIzaSyBmsQV2FUo6g52R1kovLyfvaYm4FryNs4g')
INSERT [dbo].[Core_AppSetting] ([Id], [Key], [Value]) VALUES (5, N'SmtpServer', N'smtp.gmail.com')
INSERT [dbo].[Core_AppSetting] ([Id], [Key], [Value]) VALUES (6, N'SmtpPort', N'587')
INSERT [dbo].[Core_AppSetting] ([Id], [Key], [Value]) VALUES (7, N'SmtpUsername', N'')
INSERT [dbo].[Core_AppSetting] ([Id], [Key], [Value]) VALUES (8, N'SmtpPassword', N'')
INSERT [dbo].[Core_AppSetting] ([Id], [Key], [Value]) VALUES (9, N'Theme', N'Generic')
SET IDENTITY_INSERT [dbo].[Core_AppSetting] OFF
GO

SET IDENTITY_INSERT [dbo].[Core_Role] ON 
INSERT [dbo].[Core_Role] ([Id], [Name], [NormalizedName], [ConcurrencyStamp]) VALUES (1, N'admin', N'ADMIN', N'bd3bee0b-5f1d-482d-b890-ffdc01915da3')
INSERT [dbo].[Core_Role] ([Id], [Name], [NormalizedName], [ConcurrencyStamp]) VALUES (2, N'customer', N'CUSTOMER', N'bd3bee0b-5f1d-482d-b890-ffdc01915da3')
INSERT [dbo].[Core_Role] ([Id], [Name], [NormalizedName], [ConcurrencyStamp]) VALUES (3, N'guest', N'GUEST', N'bd3bee0b-5f1d-482d-b890-ffdc01915da3')
INSERT [dbo].[Core_Role] ([Id], [Name], [NormalizedName], [ConcurrencyStamp]) VALUES (4, N'vendor', N'VENDOR', N'bd3bee0b-5f1d-482d-b890-ffdc01915da3')
SET IDENTITY_INSERT [dbo].[Core_Role] OFF
GO 

SET IDENTITY_INSERT [dbo].[Core_User] ON 
INSERT [dbo].[Core_User] ([Id], [UserGuid], [FullName], [IsDeleted], [CreatedOn], [UpdatedOn], [UserName], [NormalizedUserName], [Email], [NormalizedEmail], [EmailConfirmed], [PasswordHash], [SecurityStamp], [ConcurrencyStamp], [PhoneNumber], [PhoneNumberConfirmed], [TwoFactorEnabled], [LockoutEnd], [LockoutEnabled], [AccessFailedCount]) VALUES (1, '1FFF10CE-0231-43A2-8B7D-C8DB18504F65', N'Shop Admin', 0, CAST(N'2016-05-12 23:44:13.297' AS DateTime), CAST(N'2016-05-12 23:44:13.297' AS DateTime), N'admin@SimplCommerce.com', N'ADMIN@SIMPLCOMMERCE.COM', N'admin@SimplCommerce.com', N'ADMIN@SIMPLCOMMERCE.COM', 0, N'AQAAAAEAACcQAAAAEAEqSCV8Bpg69irmeg8N86U503jGEAYf75fBuzvL00/mr/FGEsiUqfR0rWBbBUwqtw==', N'9e87ce89-64c0-45b9-8b52-6e0eaa79e5b7', N'8620916f-e6b6-4f12-9041-83737154b338', NULL, 0, 0, NULL, 1, 0)
SET IDENTITY_INSERT [dbo].[Core_User] OFF
GO

INSERT [dbo].[Core_UserRole] ([UserId], [RoleId]) VALUES (1, 1)
GO

SET IDENTITY_INSERT [dbo].[Core_EntityType] ON 
INSERT [dbo].[Core_EntityType] ([Id], [Name], [RoutingController], [RoutingAction], [IsMenuable]) VALUES (1, N'Category', N'Category', N'CategoryDetail', 1)
INSERT [dbo].[Core_EntityType] ([Id], [Name], [RoutingController], [RoutingAction], [IsMenuable]) VALUES (2, N'Brand', N'Brand', N'BrandDetail', 1)
INSERT [dbo].[Core_EntityType] ([Id], [Name], [RoutingController], [RoutingAction], [IsMenuable]) VALUES (3, N'Product', N'Product', N'ProductDetail', 0)
INSERT [dbo].[Core_EntityType] ([Id], [Name], [RoutingController], [RoutingAction], [IsMenuable]) VALUES (4, N'Page', N'Page', N'PageDetail', 1)
INSERT [dbo].[Core_EntityType] ([Id], [Name], [RoutingController], [RoutingAction], [IsMenuable]) VALUES (5, N'Vendor', N'Vendor', N'VendorDetail', 0)
INSERT [dbo].[Core_EntityType] ([Id], [Name], [RoutingController], [RoutingAction], [IsMenuable]) VALUES (6, N'NewsCategory', N'NewsCategory', N'NewsCategoryDetail', 1)
INSERT [dbo].[Core_EntityType] ([Id], [Name], [RoutingController], [RoutingAction], [IsMenuable]) VALUES (7, N'NewsItem', N'NewsItem', N'NewsItemDetail', 0)
SET IDENTITY_INSERT [dbo].[Core_EntityType] OFF
GO

SET IDENTITY_INSERT [dbo].[ActivityLog_ActivityType] ON 
INSERT [dbo].[ActivityLog_ActivityType] ([Id], [Name]) VALUES (1, N'EntityView')
SET IDENTITY_INSERT [dbo].[ActivityLog_ActivityType] OFF
GO

SET IDENTITY_INSERT [dbo].[Core_Widget] ON 
INSERT [dbo].[Core_Widget] ([Id], [Code], [CreateUrl], [CreatedOn], [EditUrl], [IsPublished], [Name], [ViewComponentName]) VALUES (1, N'CarouselWidget', N'widget-carousel-create', CAST(N'2016-06-19 00:00:00.0000000' AS DateTime2), N'widget-carousel-edit', 1, N'Carousel Widget', N'CarouselWidget')
INSERT [dbo].[Core_Widget] ([Id], [Code], [CreateUrl], [CreatedOn], [EditUrl], [IsPublished], [Name], [ViewComponentName]) VALUES (2, N'HtmlWidget', N'widget-html-create', CAST(N'2016-06-24 00:00:00.0000000' AS DateTime2), N'widget-html-edit', 1, N'Html Widget', N'HtmlWidget')
INSERT [dbo].[Core_Widget] ([Id], [Code], [CreateUrl], [CreatedOn], [EditUrl], [IsPublished], [Name], [ViewComponentName]) VALUES (3, N'ProductWidget', N'widget-product-create', CAST(N'2016-07-08 00:00:00.0000000' AS DateTime2), N'widget-product-edit', 1, N'Product Widget', N'ProductWidget')
INSERT [dbo].[Core_Widget] ([Id], [Code], [CreateUrl], [CreatedOn], [EditUrl], [IsPublished], [Name], [ViewComponentName]) VALUES (4, N'CategoryWidget', N'widget-category-create', CAST(N'2016-07-08 00:00:00.0000000' AS DateTime2), N'widget-category-edit', 1, N'Category Widget', N'CategoryWidget')
SET IDENTITY_INSERT [dbo].[Core_Widget] OFF
GO

SET IDENTITY_INSERT [dbo].[Core_WidgetZone] ON 
INSERT [dbo].[Core_WidgetZone] ([Id], [Description], [Name]) VALUES (1, NULL, N'Home Featured')
INSERT [dbo].[Core_WidgetZone] ([Id], [Description], [Name]) VALUES (2, NULL, N'Home Main Content')
INSERT [dbo].[Core_WidgetZone] ([Id], [Description], [Name]) VALUES (3, NULL, N'Home After Main Content')
SET IDENTITY_INSERT [dbo].[Core_WidgetZone] OFF

SET IDENTITY_INSERT [dbo].[Cms_Menu] ON
INSERT [dbo].[Cms_Menu] ([Id], [IsPublished], [IsSystem], [Name]) VALUES (1, 1, 1, N'Customer services')
INSERT [dbo].[Cms_Menu] ([Id], [IsPublished], [IsSystem], [Name]) VALUES (2, 1, 1, N'Information')
SET IDENTITY_INSERT [dbo].[Cms_Menu] OFF
GO

SET IDENTITY_INSERT [dbo].[Catalog_ProductOption] ON 
INSERT [dbo].[Catalog_ProductOption] ([Id], [Name]) VALUES (1, N'Color')
INSERT [dbo].[Catalog_ProductOption] ([Id], [Name]) VALUES (2, N'Size')
SET IDENTITY_INSERT [dbo].[Catalog_ProductOption] OFF
GO

SET IDENTITY_INSERT Core_Country ON 
INSERT INTO Core_Country (Id, Name) VALUES (1, N'Việt Nam')
SET IDENTITY_INSERT Core_Country OFF 
GO

SET IDENTITY_INSERT Core_StateOrProvince ON 
INSERT INTO Core_StateOrProvince (Id, CountryId, Name, [Type]) VALUES
			(1, 1, N'España', N'España')
			
SET IDENTITY_INSERT Core_StateOrProvince OFF 
GO

SET IDENTITY_INSERT Core_District ON 
INSERT INTO Core_District (Id, Name, [Type], [Location], StateOrProvinceId) VALUES
(1, N'España', N'España', N'España, España', N'01');
SET IDENTITY_INSERT Core_District OFF 
GO

SET IDENTITY_INSERT [dbo].[Localization_Culture] ON
INSERT [dbo].[Localization_Culture] ([Id], [Name]) VALUES (1, N'es-ES')
INSERT [dbo].[Localization_Culture] ([Id], [Name]) VALUES (2, N'ch-CH')
SET IDENTITY_INSERT [dbo].[Localization_Culture] OFF
GO

INSERT [dbo].[Localization_Resource] ([CultureId], [Key], [Value]) VALUES (1, N'Register', N'Registrar,')							
INSERT [dbo].[Localization_Resource] ([CultureId], [Key], [Value]) VALUES (1, N'Hello {0}!', N'Hola!')							
INSERT [dbo].[Localization_Resource] ([CultureId], [Key], [Value]) VALUES (1, N'Log in', N' Iniciar sesión')							
INSERT [dbo].[Localization_Resource] ([CultureId], [Key], [Value]) VALUES (1, N'Log off', N'Salir' )							
INSERT [dbo].[Localization_Resource] ([CultureId], [Key], [Value]) VALUES (1, N'The Email field is required.', N'El campo Correo electrónico es obligatorio')							
INSERT [dbo].[Localization_Resource] ([CultureId], [Key], [Value]) VALUES (1, N'Email', N'Correo electrónico' )							
INSERT [dbo].[Localization_Resource] ([CultureId], [Key], [Value]) VALUES (1, N'User List', N'La lista de usario')							
INSERT [dbo].[Localization_Resource] ([CultureId], [Key], [Value]) VALUES (1, N'Remember me?', N'Recordarme?')							
INSERT [dbo].[Localization_Resource] ([CultureId], [Key], [Value]) VALUES (1, N'Password', N'Contraseña')							
INSERT [dbo].[Localization_Resource] ([CultureId], [Key], [Value]) VALUES (1, N'Use a local account to log in.', N'Use una cuenta local para iniciar sesión.')							
INSERT [dbo].[Localization_Resource] ([CultureId], [Key], [Value]) VALUES (1, N'Register as a new user?', N'Registrarse como un nuevo usuario?')							
INSERT [dbo].[Localization_Resource] ([CultureId], [Key], [Value]) VALUES (1, N'Forgot your password?', N'Olvidaste tu contraseña?');							
INSERT [dbo].[Localization_Resource] ([CultureId], [Key], [Value]) VALUES (1, N'Use another service to log in.', N'Use otro servicio para iniciar sesión.')							
INSERT [dbo].[Localization_Resource] ([CultureId], [Key], [Value]) VALUES (1, N'Full name', N'Nombre completo')							
INSERT [dbo].[Localization_Resource] ([CultureId], [Key], [Value]) VALUES (1, N'Confirm password', N'Confirmar contraseña')							
INSERT [dbo].[Localization_Resource] ([CultureId], [Key], [Value]) VALUES (1, N'Create a new account.', N'Crea una cuenta nueva.')							
INSERT [dbo].[Localization_Resource] ([CultureId], [Key], [Value]) VALUES (1, N'All', N'Todo')							
INSERT [dbo].[Localization_Resource] ([CultureId], [Key], [Value]) VALUES (1, N'Home', N'Inicio')							
INSERT [dbo].[Localization_Resource] ([CultureId], [Key], [Value]) VALUES (1, N'Add to cart', N'Añadir a la cesta')							
INSERT [dbo].[Localization_Resource] ([CultureId], [Key], [Value]) VALUES (1, N'Product detail', N'Detalle del producto')							
INSERT [dbo].[Localization_Resource] ([CultureId], [Key], [Value]) VALUES (1, N'Product specification', N'especificaciones del producto')							
INSERT [dbo].[Localization_Resource] ([CultureId], [Key], [Value]) VALUES (1, N'Rate this product', N'Califica este producto')							
INSERT [dbo].[Localization_Resource] ([CultureId], [Key], [Value]) VALUES (1, N'Review comment', N'Revisión comentarios')							
INSERT [dbo].[Localization_Resource] ([CultureId], [Key], [Value]) VALUES (1, N'Review title', N'Título de Revisión ')							
INSERT [dbo].[Localization_Resource] ([CultureId], [Key], [Value]) VALUES (1, N'Posted by', N'publicado por')							
INSERT [dbo].[Localization_Resource] ([CultureId], [Key], [Value]) VALUES (1, N'Submit review', N'Enviar opinión')							
INSERT [dbo].[Localization_Resource] ([CultureId], [Key], [Value]) VALUES (1, N'You have', N'Tienes.')							
INSERT [dbo].[Localization_Resource] ([CultureId], [Key], [Value]) VALUES (1, N'products in your cart', N'productos en su carrito')							
INSERT [dbo].[Localization_Resource] ([CultureId], [Key], [Value]) VALUES (1, N'Continue shopping', N'Seguir comprando')							
INSERT [dbo].[Localization_Resource] ([CultureId], [Key], [Value]) VALUES (1, N'View cart', N'Ver carro')							
INSERT [dbo].[Localization_Resource] ([CultureId], [Key], [Value]) VALUES (1, N'The product has been added to your cart', N'El producto ha sido añadido a tu carrito.')							
INSERT [dbo].[Localization_Resource] ([CultureId], [Key], [Value]) VALUES (1, N'Cart subtotal', N'Subtotal del carrito')							
INSERT [dbo].[Localization_Resource] ([CultureId], [Key], [Value]) VALUES (1, N'Shopping Cart', N'Carrito de compras')							
INSERT [dbo].[Localization_Resource] ([CultureId], [Key], [Value]) VALUES (1, N'Product', N'Producto')							
INSERT [dbo].[Localization_Resource] ([CultureId], [Key], [Value]) VALUES (1, N'Price', N'Precio')							
INSERT [dbo].[Localization_Resource] ([CultureId], [Key], [Value]) VALUES (1, N'Quantity', N'수량Cantidad')							
INSERT [dbo].[Localization_Resource] ([CultureId], [Key], [Value]) VALUES (1, N'There are no items in this cart.', N'No hay artículos en este carrito.')							
INSERT [dbo].[Localization_Resource] ([CultureId], [Key], [Value]) VALUES (1, N'Go to shopping', N'Ir de compras')							
INSERT [dbo].[Localization_Resource] ([CultureId], [Key], [Value]) VALUES (1, N'Order summary', N'Resumen de orden')							
INSERT [dbo].[Localization_Resource] ([CultureId], [Key], [Value]) VALUES (1, N'Subtotal', N'Total parcial');							
INSERT [dbo].[Localization_Resource] ([CultureId], [Key], [Value]) VALUES (1, N'Process to Checkout', N'Proceso para pagar')							
INSERT [dbo].[Localization_Resource] ([CultureId], [Key], [Value]) VALUES (1, N'Shipping address', N'Dirección de Envío')							
INSERT [dbo].[Localization_Resource] ([CultureId], [Key], [Value]) VALUES (1, N'Add another address', N'Añadir otra dirección')							
INSERT [dbo].[Localization_Resource] ([CultureId], [Key], [Value]) VALUES (1, N'Contact name', N'Nombre de contacto')							
INSERT [dbo].[Localization_Resource] ([CultureId], [Key], [Value]) VALUES (1, N'Address', N'Dirección');							
INSERT [dbo].[Localization_Resource] ([CultureId], [Key], [Value]) VALUES (1, N'State or Province', N'Estado o Provincia')							
INSERT [dbo].[Localization_Resource] ([CultureId], [Key], [Value]) VALUES (1, N'District', N'Distrito')							
INSERT [dbo].[Localization_Resource] ([CultureId], [Key], [Value]) VALUES (1, N'Phone', N'Teléfono')							
INSERT [dbo].[Localization_Resource] ([CultureId], [Key], [Value]) VALUES (1, N'Order', N'Orden')							
INSERT [dbo].[Localization_Resource] ([CultureId], [Key], [Value]) VALUES (1, N'products', N'productos')							
INSERT [dbo].[Localization_Resource] ([CultureId], [Key], [Value]) VALUES (1, N'reviews', N'Comentarios')							
INSERT [dbo].[Localization_Resource] ([CultureId], [Key], [Value]) VALUES (1, N'Add Review', N'Añadir Comentario')							
INSERT [dbo].[Localization_Resource] ([CultureId], [Key], [Value]) VALUES (1, N'Customer reviews', N'Reseñas de Clientes')							
INSERT [dbo].[Localization_Resource] ([CultureId], [Key], [Value]) VALUES (1, N'Your review will be showed within the next 24h.', N'Su opinión será mostrada dentro de las próximas 24h.')							
INSERT [dbo].[Localization_Resource] ([CultureId], [Key], [Value]) VALUES (1, N'Thank you {0} for your review', N'Gracias por su comentario.')							
INSERT [dbo].[Localization_Resource] ([CultureId], [Key], [Value]) VALUES (1, N'Rating average', N'Calificación promedio')							
INSERT [dbo].[Localization_Resource] ([CultureId], [Key], [Value]) VALUES (1, N'stars', N'Estrella')							
INSERT [dbo].[Localization_Resource] ([CultureId], [Key], [Value]) VALUES (1, N'Filter by', N'Filtrar por')							
INSERT [dbo].[Localization_Resource] ([CultureId], [Key], [Value]) VALUES (1, N'Category', N'Categoría')							
INSERT [dbo].[Localization_Resource] ([CultureId], [Key], [Value]) VALUES (1, N'Brand', N'Marca')							
INSERT [dbo].[Localization_Resource] ([CultureId], [Key], [Value]) VALUES (1, N'Sort by:', N'Ordenar por :')							
INSERT [dbo].[Localization_Resource] ([CultureId], [Key], [Value]) VALUES (1, N'results', N'resultados')							
INSERT [dbo].[Localization_Resource] ([CultureId], [Key], [Value]) VALUES (1, N'View options', N'Ver opciones')							
INSERT [dbo].[Localization_Resource] ([CultureId], [Key], [Value]) VALUES (1, N'Associate your {0} account.', N'{0} Asocia tu cuenta.')							
INSERT [dbo].[Localization_Resource] ([CultureId], [Key], [Value]) VALUES (1, N'Users', N'Usuarios')							
INSERT [dbo].[Localization_Resource] ([CultureId], [Key], [Value]) VALUES (1, N'Vendors', N'Vendedores')							
INSERT [dbo].[Localization_Resource] ([CultureId], [Key], [Value]) VALUES (1, N'Reviews', N'Comentarios')							
INSERT [dbo].[Localization_Resource] ([CultureId], [Key], [Value]) VALUES (1, N'Products', N'Productos')							
INSERT [dbo].[Localization_Resource] ([CultureId], [Key], [Value]) VALUES (1, N'Categories', N'Categorías')							
INSERT [dbo].[Localization_Resource] ([CultureId], [Key], [Value]) VALUES (1, N'Brands', N'Marcas')							
INSERT [dbo].[Localization_Resource] ([CultureId], [Key], [Value]) VALUES (1, N'Product Options', N'Opciones de producto')							
INSERT [dbo].[Localization_Resource] ([CultureId], [Key], [Value]) VALUES (1, N'Product Attribute', N'Producto Atributo')							
INSERT [dbo].[Localization_Resource] ([CultureId], [Key], [Value]) VALUES (1, N'Product Attribute Groups', N'Grupos de atributos del producto')							
INSERT [dbo].[Localization_Resource] ([CultureId], [Key], [Value]) VALUES (1, N'Product Templates', N'Plantillas de producto')							
INSERT [dbo].[Localization_Resource] ([CultureId], [Key], [Value]) VALUES (1, N'Sales', N'Ventas')							
INSERT [dbo].[Localization_Resource] ([CultureId], [Key], [Value]) VALUES (1, N'Orders', N'Pedidos')							
INSERT [dbo].[Localization_Resource] ([CultureId], [Key], [Value]) VALUES (1, N'Content Management', N'Gestión de contenido')							
INSERT [dbo].[Localization_Resource] ([CultureId], [Key], [Value]) VALUES (1, N'Pages', N'Páginas')							
INSERT [dbo].[Localization_Resource] ([CultureId], [Key], [Value]) VALUES (1, N'Widgets', N'Herramientas')							
INSERT [dbo].[Localization_Resource] ([CultureId], [Key], [Value]) VALUES (1, N'System', N'Sistema')							
INSERT [dbo].[Localization_Resource] ([CultureId], [Key], [Value]) VALUES (1, N'Configuration', N'Configuración')							
INSERT [dbo].[Localization_Resource] ([CultureId], [Key], [Value]) VALUES (1, N'Translations', N'Traducciones')							
INSERT [dbo].[Localization_Resource] ([CultureId], [Key], [Value]) VALUES (1, N'Dashboard', N'Tablero')							
INSERT [dbo].[Localization_Resource] ([CultureId], [Key], [Value]) VALUES (1, N'Incomplete orders', N'Pedidos incompletos')							
INSERT [dbo].[Localization_Resource] ([CultureId], [Key], [Value]) VALUES (1, N'Pending reviews', N'Revisiones pendientes')							
INSERT [dbo].[Localization_Resource] ([CultureId], [Key], [Value]) VALUES (1, N'Most search keywords', N'La mayoría de  búsqueda de las palabras clave')							
INSERT [dbo].[Localization_Resource] ([CultureId], [Key], [Value]) VALUES (1, N'Most viewed products', N'Productos más vistos')							
INSERT [dbo].[Localization_Resource] ([CultureId], [Key], [Value]) VALUES (1, N'OrderId', N'Orden')							
INSERT [dbo].[Localization_Resource] ([CultureId], [Key], [Value]) VALUES (1, N'Order Status', N'Estado del pedido')							
INSERT [dbo].[Localization_Resource] ([CultureId], [Key], [Value]) VALUES (1, N'Customer', N'Cliente')							
INSERT [dbo].[Localization_Resource] ([CultureId], [Key], [Value]) VALUES (1, N'Created On', N'Creado en')							
INSERT [dbo].[Localization_Resource] ([CultureId], [Key], [Value]) VALUES (1, N'SubTotal', N'Subtotal')							
INSERT [dbo].[Localization_Resource] ([CultureId], [Key], [Value]) VALUES (1, N'Actions', N'Acciones')							
INSERT [dbo].[Localization_Resource] ([CultureId], [Key], [Value]) VALUES (1, N'Site', N'Sitio')							
INSERT [dbo].[Localization_Resource] ([CultureId], [Key], [Value]) VALUES (1, N'Catalog', N'Catálogo')							
INSERT [dbo].[Localization_Resource] ([CultureId], [Key], [Value]) VALUES (1, N'Title', N'Título')							
INSERT [dbo].[Localization_Resource] ([CultureId], [Key], [Value]) VALUES (1, N'Comment', N'Comentario')							
INSERT [dbo].[Localization_Resource] ([CultureId], [Key], [Value]) VALUES (1, N'Status', N'Estado')							
INSERT [dbo].[Localization_Resource] ([CultureId], [Key], [Value]) VALUES (1, N'Rating', N'Calificación')							
INSERT [dbo].[Localization_Resource] ([CultureId], [Key], [Value]) VALUES (1, N'Keyword', N'Palabra clave')							
INSERT [dbo].[Localization_Resource] ([CultureId], [Key], [Value]) VALUES (1, N'Count', N'Recuento')							
INSERT [dbo].[Localization_Resource] ([CultureId], [Key], [Value]) VALUES (1, N'Create User', N'Crear usuario')							
INSERT [dbo].[Localization_Resource] ([CultureId], [Key], [Value]) VALUES (1, N'FullName', N'Nombre completo')							
INSERT [dbo].[Localization_Resource] ([CultureId], [Key], [Value]) VALUES (1, N'Roles', N'Papel')							
INSERT [dbo].[Localization_Resource] ([CultureId], [Key], [Value]) VALUES (1, N'Edit User', N'editar usuario')							
INSERT [dbo].[Localization_Resource] ([CultureId], [Key], [Value]) VALUES (1, N'Manager of Vendor', N'Gerente de vendedor')							
INSERT [dbo].[Localization_Resource] ([CultureId], [Key], [Value]) VALUES (1, N'Save', N'Guardar')							
INSERT [dbo].[Localization_Resource] ([CultureId], [Key], [Value]) VALUES (1, N'Cancel', N'Cancelar')							
INSERT [dbo].[Localization_Resource] ([CultureId], [Key], [Value]) VALUES (1, N'Phone Number', N'Número de teléfono')							
INSERT [dbo].[Localization_Resource] ([CultureId], [Key], [Value]) VALUES (1, N'Create Vendor', N'Crear Vendo')							
INSERT [dbo].[Localization_Resource] ([CultureId], [Key], [Value]) VALUES (1, N'Is Active', N'Está activo.')							
INSERT [dbo].[Localization_Resource] ([CultureId], [Key], [Value]) VALUES (1, N'Edit Vendor', N'Editar vendedor')							
INSERT [dbo].[Localization_Resource] ([CultureId], [Key], [Value]) VALUES (1, N'Managers', N'Gerentes')							
INSERT [dbo].[Localization_Resource] ([CultureId], [Key], [Value]) VALUES (1, N'Description', N'Descripción')							
INSERT [dbo].[Localization_Resource] ([CultureId], [Key], [Value]) VALUES (1, N'Pending', N'Pendiente')							
INSERT [dbo].[Localization_Resource] ([CultureId], [Key], [Value]) VALUES (1, N'Approved', N'Aprobado')							
INSERT [dbo].[Localization_Resource] ([CultureId], [Key], [Value]) VALUES (1, N'Not Approved', N'No aprobado')							
INSERT [dbo].[Localization_Resource] ([CultureId], [Key], [Value]) VALUES (1, N'Approve', N'Aprobar')							
INSERT [dbo].[Localization_Resource] ([CultureId], [Key], [Value]) VALUES (1, N'Create Product', N'Crear producto')							
INSERT [dbo].[Localization_Resource] ([CultureId], [Key], [Value]) VALUES (1, N'Has Options', N'Tiene opciones')							
INSERT [dbo].[Localization_Resource] ([CultureId], [Key], [Value]) VALUES (1, N'Is Visible Individually', N'Es Visible Individualmente.')							
INSERT [dbo].[Localization_Resource] ([CultureId], [Key], [Value]) VALUES (1, N'Is Featured', N'Es Destacado')							
INSERT [dbo].[Localization_Resource] ([CultureId], [Key], [Value]) VALUES (1, N'Is Allowed To Order', N'Se permite ordenar.')							
INSERT [dbo].[Localization_Resource] ([CultureId], [Key], [Value]) VALUES (1, N'Is Called For Pricing', N'Precios fijo')							
INSERT [dbo].[Localization_Resource] ([CultureId], [Key], [Value]) VALUES (7, N'Stock Quantity', N'Cantidad de stock')							
INSERT [dbo].[Localization_Resource] ([CultureId], [Key], [Value]) VALUES (1, N'Is Published', N'Es publicado')							
INSERT [dbo].[Localization_Resource] ([CultureId], [Key], [Value]) VALUES (1, N'Yes', N'Si')							
INSERT [dbo].[Localization_Resource] ([CultureId], [Key], [Value]) VALUES (1, N'No', N'No!')							
INSERT [dbo].[Localization_Resource] ([CultureId], [Key], [Value]) VALUES (1, N'Edit Product', N'Editar producto')							
INSERT [dbo].[Localization_Resource] ([CultureId], [Key], [Value]) VALUES (1, N'Product Name', N'Nombre del producto')							
INSERT [dbo].[Localization_Resource] ([CultureId], [Key], [Value]) VALUES (1, N'Short Description', N'Descripción breve')							
INSERT [dbo].[Localization_Resource] ([CultureId], [Key], [Value]) VALUES (1, N'Specification', N'Especificación')							
INSERT [dbo].[Localization_Resource] ([CultureId], [Key], [Value]) VALUES (1, N'Old Price', N'Precio antiguo')							
INSERT [dbo].[Localization_Resource] ([CultureId], [Key], [Value]) VALUES (1, N'Special Price', N'Precio especial')							
INSERT [dbo].[Localization_Resource] ([CultureId], [Key], [Value]) VALUES (1, N'Special Price Start', N'Inicio el especial precio')							
INSERT [dbo].[Localization_Resource] ([CultureId], [Key], [Value]) VALUES (1, N'Special Price End', N'Precio especial final')							
INSERT [dbo].[Localization_Resource] ([CultureId], [Key], [Value]) VALUES (1, N'Thumbnail', N'Miniatura')							
INSERT [dbo].[Localization_Resource] ([CultureId], [Key], [Value]) VALUES (1, N'Product Images', N'Imágenes del producto')							
INSERT [dbo].[Localization_Resource] ([CultureId], [Key], [Value]) VALUES (1, N'Product Documents', N'Documentos del producto')							
INSERT [dbo].[Localization_Resource] ([CultureId], [Key], [Value]) VALUES (1, N'Out Of Stock', N'Agotado')							
INSERT [dbo].[Localization_Resource] ([CultureId], [Key], [Value]) VALUES (1, N'Available Options', N'Opciones disponibles')							
INSERT [dbo].[Localization_Resource] ([CultureId], [Key], [Value]) VALUES (1, N'Add Option', N'Agregar opción')							
INSERT [dbo].[Localization_Resource] ([CultureId], [Key], [Value]) VALUES (1, N'Option Values', N'Valores de opciones')							
INSERT [dbo].[Localization_Resource] ([CultureId], [Key], [Value]) VALUES (1, N'Delete Option', N'Eliminar opción')							
INSERT [dbo].[Localization_Resource] ([CultureId], [Key], [Value]) VALUES (1, N'Generate Combinations', N'Generar combinaciones')							
INSERT [dbo].[Localization_Resource] ([CultureId], [Key], [Value]) VALUES (1, N'Product Variations', N'Variaciones del producto')							
INSERT [dbo].[Localization_Resource] ([CultureId], [Key], [Value]) VALUES (1, N'Option Combinations', N'Combinaciones de opciones')							
INSERT [dbo].[Localization_Resource] ([CultureId], [Key], [Value]) VALUES (1, N'Images', N'Imágenes')							
INSERT [dbo].[Localization_Resource] ([CultureId], [Key], [Value]) VALUES (1, N'Apply', N'Aplicar')							
INSERT [dbo].[Localization_Resource] ([CultureId], [Key], [Value]) VALUES (1, N'Available Attributes', N'Atributos disponibles')							
INSERT [dbo].[Localization_Resource] ([CultureId], [Key], [Value]) VALUES (1, N'Add Attribute', N'Añadir atributo')							
INSERT [dbo].[Localization_Resource] ([CultureId], [Key], [Value]) VALUES (1, N'Product Attributes', N'Atributos del producto')							
INSERT [dbo].[Localization_Resource] ([CultureId], [Key], [Value]) VALUES (1, N'Attribute Name', N'Nombre del atributo')							
INSERT [dbo].[Localization_Resource] ([CultureId], [Key], [Value]) VALUES (1, N'Value', N'Valor')							
INSERT [dbo].[Localization_Resource] ([CultureId], [Key], [Value]) VALUES (1, N'General Information', N'Información General')							
INSERT [dbo].[Localization_Resource] ([CultureId], [Key], [Value]) VALUES (1, N'Category Mapping', N'Mapeo de Categoría')							
INSERT [dbo].[Localization_Resource] ([CultureId], [Key], [Value]) VALUES (1, N'Related Products', N'Productos relacionados')							
INSERT [dbo].[Localization_Resource] ([CultureId], [Key], [Value]) VALUES (1, N'Manage Related Products', N'Administrar productos relacionados')							
INSERT [dbo].[Localization_Resource] ([CultureId], [Key], [Value]) VALUES (1, N'Create Category', N'Crear categoría')							
INSERT [dbo].[Localization_Resource] ([CultureId], [Key], [Value]) VALUES (1, N'Edit Category', N'Editar categoría')							
INSERT [dbo].[Localization_Resource] ([CultureId], [Key], [Value]) VALUES (1, N'Create Brand', N'Crear marca')							
INSERT [dbo].[Localization_Resource] ([CultureId], [Key], [Value]) VALUES (1, N'Edit Brand', N'Editar marca')							
INSERT [dbo].[Localization_Resource] ([CultureId], [Key], [Value]) VALUES (1, N'Name', N'Nombre')							
INSERT [dbo].[Localization_Resource] ([CultureId], [Key], [Value]) VALUES (1, N'Parent Category', N'Categoría principal')							
INSERT [dbo].[Localization_Resource] ([CultureId], [Key], [Value]) VALUES (1, N'Group', N'Grupo')							
INSERT [dbo].[Localization_Resource] ([CultureId], [Key], [Value]) VALUES (1, N'Create Product Attribute', N'Crear atributo de producto')							
INSERT [dbo].[Localization_Resource] ([CultureId], [Key], [Value]) VALUES (1, N'Edit Product Attribute', N'Editar atributo del producto')							
INSERT [dbo].[Localization_Resource] ([CultureId], [Key], [Value]) VALUES (1, N'Create Product Attribute Group', N'Crear grupo de atributos del producto')							
INSERT [dbo].[Localization_Resource] ([CultureId], [Key], [Value]) VALUES (1, N'Edit Product Attribute Group', N'Editar grupo de atributos del producto')							
INSERT [dbo].[Localization_Resource] ([CultureId], [Key], [Value]) VALUES (1, N'Create Product Option', N'Crear opción de producto')							
INSERT [dbo].[Localization_Resource] ([CultureId], [Key], [Value]) VALUES (1, N'Edit Product Option', N'Editar opción de producto')							
INSERT [dbo].[Localization_Resource] ([CultureId], [Key], [Value]) VALUES (1, N'Create Product Display Widget', N'Crear widget de pantalla de producto')							
INSERT [dbo].[Localization_Resource] ([CultureId], [Key], [Value]) VALUES (1, N'Edit Product Display Widget', N'Editar widget de pantalla del producto')							
INSERT [dbo].[Localization_Resource] ([CultureId], [Key], [Value]) VALUES (1, N'Widget Name', N'Nombre del widget')							
INSERT [dbo].[Localization_Resource] ([CultureId], [Key], [Value]) VALUES (1, N'Widget Zone', N'Zona de widgets')							
INSERT [dbo].[Localization_Resource] ([CultureId], [Key], [Value]) VALUES (1, N'Publish Start', N'Publicar inicio')							
INSERT [dbo].[Localization_Resource] ([CultureId], [Key], [Value]) VALUES (1, N'Publish End', N'Publicar final')							
INSERT [dbo].[Localization_Resource] ([CultureId], [Key], [Value]) VALUES (1, N'Number of Products', N'Numeros de Productos')							
INSERT [dbo].[Localization_Resource] ([CultureId], [Key], [Value]) VALUES (1, N'Order By', N'Ordenar por')							
INSERT [dbo].[Localization_Resource] ([CultureId], [Key], [Value]) VALUES (1, N'Create Product Template', N'Crear plantilla de producto')							
INSERT [dbo].[Localization_Resource] ([CultureId], [Key], [Value]) VALUES (1, N'Edit Product Template', N'Editar plantilla de producto')							
INSERT [dbo].[Localization_Resource] ([CultureId], [Key], [Value]) VALUES (1, N'Added Attributes', N'Atributos agregados')							
INSERT [dbo].[Localization_Resource] ([CultureId], [Key], [Value]) VALUES (1, N'Back', N'Volver')							
INSERT [dbo].[Localization_Resource] ([CultureId], [Key], [Value]) VALUES (1, N'Order Detail', N'Detalle del pedido')							
INSERT [dbo].[Localization_Resource] ([CultureId], [Key], [Value]) VALUES (1, N'Order Information', N'Información del pedido')							
INSERT [dbo].[Localization_Resource] ([CultureId], [Key], [Value]) VALUES (1, N'Change', N'Cambiar')							
INSERT [dbo].[Localization_Resource] ([CultureId], [Key], [Value]) VALUES (1, N'Product Information', N'Información del producto')							
INSERT [dbo].[Localization_Resource] ([CultureId], [Key], [Value]) VALUES (1, N'Shipping Information', N'Información de envío')							
INSERT [dbo].[Localization_Resource] ([CultureId], [Key], [Value]) VALUES (1, N'Application Settings', N'Configuración de la aplicación')							
INSERT [dbo].[Localization_Resource] ([CultureId], [Key], [Value]) VALUES (1, N'Create Page', N'Crear página')							
INSERT [dbo].[Localization_Resource] ([CultureId], [Key], [Value]) VALUES (1, N'Edit Page', N'Editar página')							
INSERT [dbo].[Localization_Resource] ([CultureId], [Key], [Value]) VALUES (1, N'Body', N'Cuerpo')							
INSERT [dbo].[Localization_Resource] ([CultureId], [Key], [Value]) VALUES (1, N'Account Dashboard', N'Tablero de cuenta')							
INSERT [dbo].[Localization_Resource] ([CultureId], [Key], [Value]) VALUES (1, N'Account Information', N'Información de cuenta')							
INSERT [dbo].[Localization_Resource] ([CultureId], [Key], [Value]) VALUES (1, N'Edit', N'Editar')							
INSERT [dbo].[Localization_Resource] ([CultureId], [Key], [Value]) VALUES (1, N'Security', N'Seguridad')							
INSERT [dbo].[Localization_Resource] ([CultureId], [Key], [Value]) VALUES (1, N'Create', N'Crear')							
INSERT [dbo].[Localization_Resource] ([CultureId], [Key], [Value]) VALUES (1, N'External Logins', N'Inicios externos')							
INSERT [dbo].[Localization_Resource] ([CultureId], [Key], [Value]) VALUES (1, N'Manage', N'Administrar')							
INSERT [dbo].[Localization_Resource] ([CultureId], [Key], [Value]) VALUES (1, N'Default shipping address', N'Dirección de envío predeterminada')							
INSERT [dbo].[Localization_Resource] ([CultureId], [Key], [Value]) VALUES (1, N'Manage address', N'Administrar dirección')							
INSERT [dbo].[Localization_Resource] ([CultureId], [Key], [Value]) VALUES (1, N'You don''t have any default address', N'Usted no tiene ninguna dirección predeterminada.')							
INSERT [dbo].[Localization_Resource] ([CultureId], [Key], [Value]) VALUES (1, N'Order History', N'Historial de pedidos')							
INSERT [dbo].[Localization_Resource] ([CultureId], [Key], [Value]) VALUES (1, N'Address Book', N'Libreta de direcciones')							
INSERT [dbo].[Localization_Resource] ([CultureId], [Key], [Value]) VALUES (1, N'Add Address', N'Agregar dirección')							
INSERT [dbo].[Localization_Resource] ([CultureId], [Key], [Value]) VALUES (1, N'Delete', N'Eliminar')							
INSERT [dbo].[Localization_Resource] ([CultureId], [Key], [Value]) VALUES (1, N'Set as default shipping address', N'Establecer como dirección de envío predeterminada')							
INSERT [dbo].[Localization_Resource] ([CultureId], [Key], [Value]) VALUES (1, N'Edit Address', N'Editar dirección')							
INSERT [dbo].[Localization_Resource] ([CultureId], [Key], [Value]) VALUES (1, N'Create Address', N'Crear dirección')							
INSERT [dbo].[Localization_Resource] ([CultureId], [Key], [Value]) VALUES (1, N'Your account', N'Tu cuenta')							
INSERT [dbo].[Localization_Resource] ([CultureId], [Key], [Value]) VALUES (1, N'Date', N'Fecha')							
							

INSERT [dbo].[Localization_Resource] ([CultureId], [Key], [Value]) VALUES (2, N'Register', N' 注册, ')							
INSERT [dbo].[Localization_Resource] ([CultureId], [Key], [Value]) VALUES (2, N'Hello {0}!', N'你好!')							
INSERT [dbo].[Localization_Resource] ([CultureId], [Key], [Value]) VALUES (2, N'Log in', N'登录')							
INSERT [dbo].[Localization_Resource] ([CultureId], [Key], [Value]) VALUES (2, N'Log off', N'退出登录' )							
INSERT [dbo].[Localization_Resource] ([CultureId], [Key], [Value]) VALUES (2, N'The Email field is required.', N'邮箱必填')							
INSERT [dbo].[Localization_Resource] ([CultureId], [Key], [Value]) VALUES (2, N'Email', N'邮箱' )							
INSERT [dbo].[Localization_Resource] ([CultureId], [Key], [Value]) VALUES (2, N'User List', N'用户清单')							
INSERT [dbo].[Localization_Resource] ([CultureId], [Key], [Value]) VALUES (2, N'Remember me?', N'记住我?')							
INSERT [dbo].[Localization_Resource] ([CultureId], [Key], [Value]) VALUES (2, N'Password', N'密码')							
INSERT [dbo].[Localization_Resource] ([CultureId], [Key], [Value]) VALUES (2, N'Use a local account to log in.', N'使用本地帐户登录.')							
INSERT [dbo].[Localization_Resource] ([CultureId], [Key], [Value]) VALUES (2, N'Register as a new user?', N'注册为新用户?')							
INSERT [dbo].[Localization_Resource] ([CultureId], [Key], [Value]) VALUES (2, N'Forgot your password?', N'忘记密码?');							
INSERT [dbo].[Localization_Resource] ([CultureId], [Key], [Value]) VALUES (2, N'Use another service to log in.', N'使用其他服务登录.')							
INSERT [dbo].[Localization_Resource] ([CultureId], [Key], [Value]) VALUES (2, N'Full name', N'全名')							
INSERT [dbo].[Localization_Resource] ([CultureId], [Key], [Value]) VALUES (2, N'Confirm password', N'密码确定')							
INSERT [dbo].[Localization_Resource] ([CultureId], [Key], [Value]) VALUES (2, N'Create a new account.', N'创建新账户.')							
INSERT [dbo].[Localization_Resource] ([CultureId], [Key], [Value]) VALUES (2, N'All', N'全部')							
INSERT [dbo].[Localization_Resource] ([CultureId], [Key], [Value]) VALUES (2, N'Home', N'首页')							
INSERT [dbo].[Localization_Resource] ([CultureId], [Key], [Value]) VALUES (2, N'Add to cart', N'加入购物车')							
INSERT [dbo].[Localization_Resource] ([CultureId], [Key], [Value]) VALUES (2, N'Product detail', N'产品详细信息')							
INSERT [dbo].[Localization_Resource] ([CultureId], [Key], [Value]) VALUES (2, N'Product specification', N'产品规格')							
INSERT [dbo].[Localization_Resource] ([CultureId], [Key], [Value]) VALUES (2, N'Rate this product', N'评价该产品')							
INSERT [dbo].[Localization_Resource] ([CultureId], [Key], [Value]) VALUES (2, N'Review comment', N'回顾评论')							
INSERT [dbo].[Localization_Resource] ([CultureId], [Key], [Value]) VALUES (2, N'Review title', N'评论标题')							
INSERT [dbo].[Localization_Resource] ([CultureId], [Key], [Value]) VALUES (2, N'Posted by', N'发表于')							
INSERT [dbo].[Localization_Resource] ([CultureId], [Key], [Value]) VALUES (2, N'Submit review', N'提交评论')							
INSERT [dbo].[Localization_Resource] ([CultureId], [Key], [Value]) VALUES (2, N'You have', N'你有.')							
INSERT [dbo].[Localization_Resource] ([CultureId], [Key], [Value]) VALUES (2, N'products in your cart', N'购物车的产品')							
INSERT [dbo].[Localization_Resource] ([CultureId], [Key], [Value]) VALUES (2, N'Continue shopping', N'继续购买')							
INSERT [dbo].[Localization_Resource] ([CultureId], [Key], [Value]) VALUES (2, N'View cart', N'查看购物车')							
INSERT [dbo].[Localization_Resource] ([CultureId], [Key], [Value]) VALUES (2, N'The product has been added to your cart', N'该产品已被添加到您的购物车.')							
INSERT [dbo].[Localization_Resource] ([CultureId], [Key], [Value]) VALUES (2, N'Cart subtotal', N'购物车小计')							
INSERT [dbo].[Localization_Resource] ([CultureId], [Key], [Value]) VALUES (2, N'Shopping Cart', N'购物车')							
INSERT [dbo].[Localization_Resource] ([CultureId], [Key], [Value]) VALUES (2, N'Product', N'产品')							
INSERT [dbo].[Localization_Resource] ([CultureId], [Key], [Value]) VALUES (2, N'Price', N'价格')							
INSERT [dbo].[Localization_Resource] ([CultureId], [Key], [Value]) VALUES (2, N'Quantity', N'数量')							
INSERT [dbo].[Localization_Resource] ([CultureId], [Key], [Value]) VALUES (2, N'There are no items in this cart.', N'此购物车中没有商品.')							
INSERT [dbo].[Localization_Resource] ([CultureId], [Key], [Value]) VALUES (2, N'Go to shopping', N'开始购买')							
INSERT [dbo].[Localization_Resource] ([CultureId], [Key], [Value]) VALUES (2, N'Order summary', N'订单总结')							
INSERT [dbo].[Localization_Resource] ([CultureId], [Key], [Value]) VALUES (2, N'Subtotal', N'小计');							
INSERT [dbo].[Localization_Resource] ([CultureId], [Key], [Value]) VALUES (2, N'Process to Checkout', N'进行结算')							
INSERT [dbo].[Localization_Resource] ([CultureId], [Key], [Value]) VALUES (2, N'Shipping address', N'邮寄地址')							
INSERT [dbo].[Localization_Resource] ([CultureId], [Key], [Value]) VALUES (2, N'Add another address', N'添加地址')							
INSERT [dbo].[Localization_Resource] ([CultureId], [Key], [Value]) VALUES (2, N'Contact name', N'联系人姓名')							
INSERT [dbo].[Localization_Resource] ([CultureId], [Key], [Value]) VALUES (2, N'Address', N'地址');							
INSERT [dbo].[Localization_Resource] ([CultureId], [Key], [Value]) VALUES (2, N'State or Province', N'州或省')							
INSERT [dbo].[Localization_Resource] ([CultureId], [Key], [Value]) VALUES (2, N'District', N'区')							
INSERT [dbo].[Localization_Resource] ([CultureId], [Key], [Value]) VALUES (2, N'Phone', N'手机号码')							
INSERT [dbo].[Localization_Resource] ([CultureId], [Key], [Value]) VALUES (2, N'Order', N'订购')							
INSERT [dbo].[Localization_Resource] ([CultureId], [Key], [Value]) VALUES (2, N'products', N'商品')							
INSERT [dbo].[Localization_Resource] ([CultureId], [Key], [Value]) VALUES (2, N'reviews', N'评论')							
INSERT [dbo].[Localization_Resource] ([CultureId], [Key], [Value]) VALUES (2, N'Add Review', N'添加评论')							
INSERT [dbo].[Localization_Resource] ([CultureId], [Key], [Value]) VALUES (2, N'Customer reviews', N'顾客评论')							
INSERT [dbo].[Localization_Resource] ([CultureId], [Key], [Value]) VALUES (2, N'Your review will be showed within the next 24h.', N'您的评论将在24小时内显示.')							
INSERT [dbo].[Localization_Resource] ([CultureId], [Key], [Value]) VALUES (2, N'Thank you {0} for your review', N'谢谢您的评论.')							
INSERT [dbo].[Localization_Resource] ([CultureId], [Key], [Value]) VALUES (2, N'Rating average', N'平均评分')							
INSERT [dbo].[Localization_Resource] ([CultureId], [Key], [Value]) VALUES (2, N'stars', N'开始')							
INSERT [dbo].[Localization_Resource] ([CultureId], [Key], [Value]) VALUES (2, N'Filter by', N'过滤')							
INSERT [dbo].[Localization_Resource] ([CultureId], [Key], [Value]) VALUES (2, N'Category', N'类别')							
INSERT [dbo].[Localization_Resource] ([CultureId], [Key], [Value]) VALUES (2, N'Brand', N'品牌')							
INSERT [dbo].[Localization_Resource] ([CultureId], [Key], [Value]) VALUES (2, N'Sort by:', N'排序方式 :')							
INSERT [dbo].[Localization_Resource] ([CultureId], [Key], [Value]) VALUES (2, N'results', N'结果')							
INSERT [dbo].[Localization_Resource] ([CultureId], [Key], [Value]) VALUES (2, N'View options', N'查看选项')							
INSERT [dbo].[Localization_Resource] ([CultureId], [Key], [Value]) VALUES (2, N'Associate your {0} account.', N'{0} 联结账号.')							
INSERT [dbo].[Localization_Resource] ([CultureId], [Key], [Value]) VALUES (2, N'Users', N'用户')							
INSERT [dbo].[Localization_Resource] ([CultureId], [Key], [Value]) VALUES (2, N'Vendors', N'供应商')							
INSERT [dbo].[Localization_Resource] ([CultureId], [Key], [Value]) VALUES (2, N'Reviews', N'评测')							
INSERT [dbo].[Localization_Resource] ([CultureId], [Key], [Value]) VALUES (2, N'Products', N'产品')							
INSERT [dbo].[Localization_Resource] ([CultureId], [Key], [Value]) VALUES (2, N'Categories', N'分类')							
INSERT [dbo].[Localization_Resource] ([CultureId], [Key], [Value]) VALUES (2, N'Brands', N'品牌')							
INSERT [dbo].[Localization_Resource] ([CultureId], [Key], [Value]) VALUES (2, N'Product Options', N'产品选项')							
INSERT [dbo].[Localization_Resource] ([CultureId], [Key], [Value]) VALUES (2, N'Product Attribute', N'产品属性')							
INSERT [dbo].[Localization_Resource] ([CultureId], [Key], [Value]) VALUES (2, N'Product Attribute Groups', N'产品属性组')							
INSERT [dbo].[Localization_Resource] ([CultureId], [Key], [Value]) VALUES (2, N'Product Templates', N'产品模板')							
INSERT [dbo].[Localization_Resource] ([CultureId], [Key], [Value]) VALUES (2, N'Sales', N'减价出售')							
INSERT [dbo].[Localization_Resource] ([CultureId], [Key], [Value]) VALUES (2, N'Orders', N'订货')							
INSERT [dbo].[Localization_Resource] ([CultureId], [Key], [Value]) VALUES (2, N'Content Management', N'内容管理')							
INSERT [dbo].[Localization_Resource] ([CultureId], [Key], [Value]) VALUES (2, N'Pages', N'页面')							
INSERT [dbo].[Localization_Resource] ([CultureId], [Key], [Value]) VALUES (2, N'Widgets', N'小工具')							
INSERT [dbo].[Localization_Resource] ([CultureId], [Key], [Value]) VALUES (2, N'System', N'系统')							
INSERT [dbo].[Localization_Resource] ([CultureId], [Key], [Value]) VALUES (2, N'Configuration', N'设置')							
INSERT [dbo].[Localization_Resource] ([CultureId], [Key], [Value]) VALUES (2, N'Translations', N'翻译')							
INSERT [dbo].[Localization_Resource] ([CultureId], [Key], [Value]) VALUES (2, N'Dashboard', N'仪表板')							
INSERT [dbo].[Localization_Resource] ([CultureId], [Key], [Value]) VALUES (2, N'Incomplete orders', N'订单未完成')							
INSERT [dbo].[Localization_Resource] ([CultureId], [Key], [Value]) VALUES (2, N'Pending reviews', N'待审查')							
INSERT [dbo].[Localization_Resource] ([CultureId], [Key], [Value]) VALUES (2, N'Most search keywords', N'大多数搜索关键字')							
INSERT [dbo].[Localization_Resource] ([CultureId], [Key], [Value]) VALUES (2, N'Most viewed products', N'最受欢迎的产品')							
INSERT [dbo].[Localization_Resource] ([CultureId], [Key], [Value]) VALUES (2, N'OrderId', N'排序')							
INSERT [dbo].[Localization_Resource] ([CultureId], [Key], [Value]) VALUES (2, N'Order Status', N'订单状态')							
INSERT [dbo].[Localization_Resource] ([CultureId], [Key], [Value]) VALUES (2, N'Customer', N'客户')							
INSERT [dbo].[Localization_Resource] ([CultureId], [Key], [Value]) VALUES (2, N'Created On', N'创建于')							
INSERT [dbo].[Localization_Resource] ([CultureId], [Key], [Value]) VALUES (2, N'SubTotal', N'小计')							
INSERT [dbo].[Localization_Resource] ([CultureId], [Key], [Value]) VALUES (2, N'Actions', N'操作')							
INSERT [dbo].[Localization_Resource] ([CultureId], [Key], [Value]) VALUES (2, N'Site', N'位置')							
INSERT [dbo].[Localization_Resource] ([CultureId], [Key], [Value]) VALUES (2, N'Catalog', N'目录')							
INSERT [dbo].[Localization_Resource] ([CultureId], [Key], [Value]) VALUES (2, N'Title', N'标题')							
INSERT [dbo].[Localization_Resource] ([CultureId], [Key], [Value]) VALUES (2, N'Comment', N'评论')							
INSERT [dbo].[Localization_Resource] ([CultureId], [Key], [Value]) VALUES (2, N'Status', N'状态')							
INSERT [dbo].[Localization_Resource] ([CultureId], [Key], [Value]) VALUES (2, N'Rating', N'评分')							
INSERT [dbo].[Localization_Resource] ([CultureId], [Key], [Value]) VALUES (2, N'Keyword', N'关键词')							
INSERT [dbo].[Localization_Resource] ([CultureId], [Key], [Value]) VALUES (2, N'Count', N'计数')							
INSERT [dbo].[Localization_Resource] ([CultureId], [Key], [Value]) VALUES (2, N'Create User', N'创建用户')							
INSERT [dbo].[Localization_Resource] ([CultureId], [Key], [Value]) VALUES (2, N'FullName', N'全名')							
INSERT [dbo].[Localization_Resource] ([CultureId], [Key], [Value]) VALUES (2, N'Roles', N'角色')							
INSERT [dbo].[Localization_Resource] ([CultureId], [Key], [Value]) VALUES (2, N'Edit User', N'编辑用户')							
INSERT [dbo].[Localization_Resource] ([CultureId], [Key], [Value]) VALUES (2, N'Manager of Vendor', N'供应商管理')							
INSERT [dbo].[Localization_Resource] ([CultureId], [Key], [Value]) VALUES (2, N'Save', N'保存')							
INSERT [dbo].[Localization_Resource] ([CultureId], [Key], [Value]) VALUES (2, N'Cancel', N'取消')							
INSERT [dbo].[Localization_Resource] ([CultureId], [Key], [Value]) VALUES (2, N'Phone Number', N'电话号码')							
INSERT [dbo].[Localization_Resource] ([CultureId], [Key], [Value]) VALUES (2, N'Create Vendor', N'创建供应商')							
INSERT [dbo].[Localization_Resource] ([CultureId], [Key], [Value]) VALUES (2, N'Is Active', N'活跃.')							
INSERT [dbo].[Localization_Resource] ([CultureId], [Key], [Value]) VALUES (2, N'Edit Vendor', N'编辑供应商')							
INSERT [dbo].[Localization_Resource] ([CultureId], [Key], [Value]) VALUES (2, N'Managers', N'管理员')							
INSERT [dbo].[Localization_Resource] ([CultureId], [Key], [Value]) VALUES (2, N'Description', N'描述')							
INSERT [dbo].[Localization_Resource] ([CultureId], [Key], [Value]) VALUES (2, N'Pending', N'有待')							
INSERT [dbo].[Localization_Resource] ([CultureId], [Key], [Value]) VALUES (2, N'Approved', N'批准')							
INSERT [dbo].[Localization_Resource] ([CultureId], [Key], [Value]) VALUES (2, N'Not Approved', N'不批准')							
INSERT [dbo].[Localization_Resource] ([CultureId], [Key], [Value]) VALUES (2, N'Approve', N'批准')							
INSERT [dbo].[Localization_Resource] ([CultureId], [Key], [Value]) VALUES (2, N'Create Product', N'创建产品')							
INSERT [dbo].[Localization_Resource] ([CultureId], [Key], [Value]) VALUES (2, N'Has Options', N'有选项')							
INSERT [dbo].[Localization_Resource] ([CultureId], [Key], [Value]) VALUES (2, N'Is Visible Individually', N'单独可见.')							
INSERT [dbo].[Localization_Resource] ([CultureId], [Key], [Value]) VALUES (2, N'Is Featured', N'精品')							
INSERT [dbo].[Localization_Resource] ([CultureId], [Key], [Value]) VALUES (2, N'Is Allowed To Order', N'允许订购.')							
INSERT [dbo].[Localization_Resource] ([CultureId], [Key], [Value]) VALUES (2, N'Is Called For Pricing', N'定价')							
INSERT [dbo].[Localization_Resource] ([CultureId], [Key], [Value]) VALUES (2, N'Stock Quantity', N'库存数量')							
INSERT [dbo].[Localization_Resource] ([CultureId], [Key], [Value]) VALUES (2, N'Is Published', N'发布')							
INSERT [dbo].[Localization_Resource] ([CultureId], [Key], [Value]) VALUES (2, N'Yes', N'确定')							
INSERT [dbo].[Localization_Resource] ([CultureId], [Key], [Value]) VALUES (2, N'No', N'否!')							
INSERT [dbo].[Localization_Resource] ([CultureId], [Key], [Value]) VALUES (2, N'Edit Product', N'编辑产品')							
INSERT [dbo].[Localization_Resource] ([CultureId], [Key], [Value]) VALUES (2, N'Product Name', N'产品名称')							
INSERT [dbo].[Localization_Resource] ([CultureId], [Key], [Value]) VALUES (2, N'Short Description', N'简短描述')							
INSERT [dbo].[Localization_Resource] ([CultureId], [Key], [Value]) VALUES (2, N'Specification', N'规范')							
INSERT [dbo].[Localization_Resource] ([CultureId], [Key], [Value]) VALUES (2, N'Old Price', N'原价')							
INSERT [dbo].[Localization_Resource] ([CultureId], [Key], [Value]) VALUES (2, N'Special Price', N'特价')							
INSERT [dbo].[Localization_Resource] ([CultureId], [Key], [Value]) VALUES (2, N'Special Price Start', N'特价开始')							
INSERT [dbo].[Localization_Resource] ([CultureId], [Key], [Value]) VALUES (2, N'Special Price End', N'特价结束')							
INSERT [dbo].[Localization_Resource] ([CultureId], [Key], [Value]) VALUES (2, N'Thumbnail', N'缩略图')							
INSERT [dbo].[Localization_Resource] ([CultureId], [Key], [Value]) VALUES (2, N'Product Images', N'产品图片')							
INSERT [dbo].[Localization_Resource] ([CultureId], [Key], [Value]) VALUES (2, N'Product Documents', N'产品文件')							
INSERT [dbo].[Localization_Resource] ([CultureId], [Key], [Value]) VALUES (2, N'Out Of Stock', N'断货')							
INSERT [dbo].[Localization_Resource] ([CultureId], [Key], [Value]) VALUES (2, N'Available Options', N'可用选项')							
INSERT [dbo].[Localization_Resource] ([CultureId], [Key], [Value]) VALUES (2, N'Add Option', N'添加选项')							
INSERT [dbo].[Localization_Resource] ([CultureId], [Key], [Value]) VALUES (2, N'Option Values', N'选项值')							
INSERT [dbo].[Localization_Resource] ([CultureId], [Key], [Value]) VALUES (2, N'Delete Option', N'删除选项')							
INSERT [dbo].[Localization_Resource] ([CultureId], [Key], [Value]) VALUES (2, N'Generate Combinations', N'生成组合')							
INSERT [dbo].[Localization_Resource] ([CultureId], [Key], [Value]) VALUES (2, N'Product Variations', N'产品型号')							
INSERT [dbo].[Localization_Resource] ([CultureId], [Key], [Value]) VALUES (2, N'Option Combinations', N'选项组合')							
INSERT [dbo].[Localization_Resource] ([CultureId], [Key], [Value]) VALUES (2, N'Images', N'图片')							
INSERT [dbo].[Localization_Resource] ([CultureId], [Key], [Value]) VALUES (2, N'Apply', N'提供')							
INSERT [dbo].[Localization_Resource] ([CultureId], [Key], [Value]) VALUES (2, N'Available Attributes', N'可用属性')							
INSERT [dbo].[Localization_Resource] ([CultureId], [Key], [Value]) VALUES (2, N'Add Attribute', N'添加属性')							
INSERT [dbo].[Localization_Resource] ([CultureId], [Key], [Value]) VALUES (2, N'Product Attributes', N'产品属性')							
INSERT [dbo].[Localization_Resource] ([CultureId], [Key], [Value]) VALUES (2, N'Attribute Name', N'属性名称')							
INSERT [dbo].[Localization_Resource] ([CultureId], [Key], [Value]) VALUES (2, N'Value', N'值')							
INSERT [dbo].[Localization_Resource] ([CultureId], [Key], [Value]) VALUES (2, N'General Information', N'一般信息')							
INSERT [dbo].[Localization_Resource] ([CultureId], [Key], [Value]) VALUES (2, N'Category Mapping', N'类别映射')							
INSERT [dbo].[Localization_Resource] ([CultureId], [Key], [Value]) VALUES (2, N'Related Products', N'相关产品')							
INSERT [dbo].[Localization_Resource] ([CultureId], [Key], [Value]) VALUES (2, N'Manage Related Products', N'相关产品管理')							
INSERT [dbo].[Localization_Resource] ([CultureId], [Key], [Value]) VALUES (2, N'Create Category', N'创建类别')							
INSERT [dbo].[Localization_Resource] ([CultureId], [Key], [Value]) VALUES (2, N'Edit Category', N'编辑类别')							
INSERT [dbo].[Localization_Resource] ([CultureId], [Key], [Value]) VALUES (2, N'Create Brand', N'创建您的品牌')							
INSERT [dbo].[Localization_Resource] ([CultureId], [Key], [Value]) VALUES (2, N'Edit Brand', N'修改您的品牌')							
INSERT [dbo].[Localization_Resource] ([CultureId], [Key], [Value]) VALUES (2, N'Name', N'名称')							
INSERT [dbo].[Localization_Resource] ([CultureId], [Key], [Value]) VALUES (2, N'Parent Category', N'顶级类别')							
INSERT [dbo].[Localization_Resource] ([CultureId], [Key], [Value]) VALUES (2, N'Group', N'组')							
INSERT [dbo].[Localization_Resource] ([CultureId], [Key], [Value]) VALUES (2, N'Create Product Attribute', N'创建产品属性')							
INSERT [dbo].[Localization_Resource] ([CultureId], [Key], [Value]) VALUES (2, N'Edit Product Attribute', N'编辑产品属性')							
INSERT [dbo].[Localization_Resource] ([CultureId], [Key], [Value]) VALUES (2, N'Create Product Attribute Group', N'创建产品属性组')							
INSERT [dbo].[Localization_Resource] ([CultureId], [Key], [Value]) VALUES (2, N'Edit Product Attribute Group', N'编辑产品属性组')							
INSERT [dbo].[Localization_Resource] ([CultureId], [Key], [Value]) VALUES (2, N'Create Product Option', N'产品创建选项')							
INSERT [dbo].[Localization_Resource] ([CultureId], [Key], [Value]) VALUES (2, N'Edit Product Option', N'编辑产品选项')							
INSERT [dbo].[Localization_Resource] ([CultureId], [Key], [Value]) VALUES (2, N'Create Product Display Widget', N'创建产品展示小部件')							
INSERT [dbo].[Localization_Resource] ([CultureId], [Key], [Value]) VALUES (2, N'Edit Product Display Widget', N'编辑产品展示小部件')							
INSERT [dbo].[Localization_Resource] ([CultureId], [Key], [Value]) VALUES (2, N'Widget Name', N'小工具名称')							
INSERT [dbo].[Localization_Resource] ([CultureId], [Key], [Value]) VALUES (2, N'Widget Zone', N'小部件区域')							
INSERT [dbo].[Localization_Resource] ([CultureId], [Key], [Value]) VALUES (2, N'Publish Start', N'开始发布')							
INSERT [dbo].[Localization_Resource] ([CultureId], [Key], [Value]) VALUES (2, N'Publish End', N'发布结束')							
INSERT [dbo].[Localization_Resource] ([CultureId], [Key], [Value]) VALUES (2, N'Number of Products', N'产品数量')							
INSERT [dbo].[Localization_Resource] ([CultureId], [Key], [Value]) VALUES (2, N'Order By', N'按排序')							
INSERT [dbo].[Localization_Resource] ([CultureId], [Key], [Value]) VALUES (2, N'Create Product Template', N'创建产品模板')							
INSERT [dbo].[Localization_Resource] ([CultureId], [Key], [Value]) VALUES (2, N'Edit Product Template', N'编辑产品模板')							
INSERT [dbo].[Localization_Resource] ([CultureId], [Key], [Value]) VALUES (2, N'Added Attributes', N'添加属性')							
INSERT [dbo].[Localization_Resource] ([CultureId], [Key], [Value]) VALUES (2, N'Back', N'返回')							
INSERT [dbo].[Localization_Resource] ([CultureId], [Key], [Value]) VALUES (2, N'Order Detail', N'订单详情')							
INSERT [dbo].[Localization_Resource] ([CultureId], [Key], [Value]) VALUES (2, N'Order Information', N'订单信息')							
INSERT [dbo].[Localization_Resource] ([CultureId], [Key], [Value]) VALUES (2, N'Change', N'更改')							
INSERT [dbo].[Localization_Resource] ([CultureId], [Key], [Value]) VALUES (2, N'Product Information', N'产品信息')							
INSERT [dbo].[Localization_Resource] ([CultureId], [Key], [Value]) VALUES (2, N'Shipping Information', N'运送信息')							
INSERT [dbo].[Localization_Resource] ([CultureId], [Key], [Value]) VALUES (2, N'Application Settings', N'应用设置')							
INSERT [dbo].[Localization_Resource] ([CultureId], [Key], [Value]) VALUES (2, N'Create Page', N'创建页面')							
INSERT [dbo].[Localization_Resource] ([CultureId], [Key], [Value]) VALUES (2, N'Edit Page', N'编辑页面')							
INSERT [dbo].[Localization_Resource] ([CultureId], [Key], [Value]) VALUES (2, N'Body', N'体')							
INSERT [dbo].[Localization_Resource] ([CultureId], [Key], [Value]) VALUES (2, N'Account Dashboard', N'帐户信息中心')							
INSERT [dbo].[Localization_Resource] ([CultureId], [Key], [Value]) VALUES (2, N'Account Information', N'帐户信息')							
INSERT [dbo].[Localization_Resource] ([CultureId], [Key], [Value]) VALUES (2, N'Edit', N'编辑')							
INSERT [dbo].[Localization_Resource] ([CultureId], [Key], [Value]) VALUES (2, N'Security', N'安全')							
INSERT [dbo].[Localization_Resource] ([CultureId], [Key], [Value]) VALUES (2, N'Create', N'创建')							
INSERT [dbo].[Localization_Resource] ([CultureId], [Key], [Value]) VALUES (2, N'External Logins', N'外部登录')							
INSERT [dbo].[Localization_Resource] ([CultureId], [Key], [Value]) VALUES (2, N'Manage', N'管理')							
INSERT [dbo].[Localization_Resource] ([CultureId], [Key], [Value]) VALUES (2, N'Default shipping address', N'默认邮寄地址')							
INSERT [dbo].[Localization_Resource] ([CultureId], [Key], [Value]) VALUES (2, N'Manage address', N'地址管理')							
INSERT [dbo].[Localization_Resource] ([CultureId], [Key], [Value]) VALUES (2, N'You don''t have any default address', N'您没有任何的默认地址.')							
INSERT [dbo].[Localization_Resource] ([CultureId], [Key], [Value]) VALUES (2, N'Order History', N'订单记录')							
INSERT [dbo].[Localization_Resource] ([CultureId], [Key], [Value]) VALUES (2, N'Address Book', N'地址簿')							
INSERT [dbo].[Localization_Resource] ([CultureId], [Key], [Value]) VALUES (2, N'Add Address', N'添加地址')							
INSERT [dbo].[Localization_Resource] ([CultureId], [Key], [Value]) VALUES (2, N'Delete', N'取消')							
INSERT [dbo].[Localization_Resource] ([CultureId], [Key], [Value]) VALUES (2, N'Set as default shipping address', N'设置为默认邮寄地址')							
INSERT [dbo].[Localization_Resource] ([CultureId], [Key], [Value]) VALUES (2, N'Edit Address', N'编辑地址')							
INSERT [dbo].[Localization_Resource] ([CultureId], [Key], [Value]) VALUES (2, N'Create Address', N'创建地址')							
INSERT [dbo].[Localization_Resource] ([CultureId], [Key], [Value]) VALUES (2, N'Your account', N'您的帐号')							
INSERT [dbo].[Localization_Resource] ([CultureId], [Key], [Value]) VALUES (2, N'Date', N'日期')							
							
														
							